日期,数据集,实际均价,正式模型预测均价,实验模型预测均价,正式模型MAPE,实验模型MAPE
2025-01-01,训练集,0.92652153,0.76619722,0.76619722,0.17967086,0.17967086
2025-01-02,训练集,0.92660278,1.02271611,1.02271611,0.12212143,0.12212143
2025-01-03,训练集,0.73862361,0.92661291,0.92661291,0.28810187,0.28810187
2025-01-04,验证集,0.73031667,0.74485762,0.74485762,0.08458287,0.08458287
2025-01-05,训练集,0.92523194,0.85762195,0.85762195,0.11391238,0.11391238
2025-01-06,测试集,0.92899236,0.91907920,0.91907920,0.06050030,0.06050030
2025-01-07,训练集,0.92342222,0.87851320,0.87851320,0.09922347,0.09922347
2025-01-08,训练集,0.91737361,0.92603353,0.92603353,0.06717526,0.06717526
2025-01-09,训练集,0.92059236,0.91398060,0.91398060,0.06142351,0.06142351
2025-01-10,验证集,0.72930417,0.88234962,0.88234962,0.24317943,0.24317943
2025-01-11,训练集,0.73421250,0.90178367,0.90178367,0.28519597,0.28519597
2025-01-12,测试集,0.92542153,0.77811653,0.77811653,0.15994230,0.15994230
2025-01-13,训练集,0.91492014,0.86842193,0.86842193,0.10673977,0.10673977
2025-01-14,训练集,0.91690139,0.91354685,0.91354685,0.05789155,0.05789155
2025-01-15,训练集,0.92310278,0.91140198,0.91140198,0.05082743,0.05082743
2025-01-16,验证集,0.91505139,0.91586703,0.91586703,0.05165264,0.05165264
2025-01-17,训练集,0.72453611,0.87700198,0.87700198,0.25492872,0.25492872
2025-01-18,测试集,0.72237014,0.75165182,0.75165182,0.07454986,0.07454986
2025-01-19,训练集,0.91766875,0.86886129,0.86886129,0.10265587,0.10265587
2025-01-20,训练集,0.91349514,0.90830776,0.90830776,0.05588858,0.05588858
2025-01-21,训练集,0.89557431,0.90775268,0.90775268,0.05914810,0.05914810
2025-01-22,验证集,0.91911667,0.89555963,0.89555963,0.06157711,0.06157711
2025-01-23,训练集,0.92200417,0.88619349,0.88619349,0.10131713,0.10131713
2025-01-24,测试集,0.70988056,0.88184783,0.88184783,0.28205495,0.28205495
2025-01-25,训练集,0.70497153,0.87444933,0.87444933,0.30357327,0.30357327
2025-01-26,训练集,0.91621736,0.76447346,0.76447346,0.16648807,0.16648807
2025-01-27,训练集,0.89843333,0.89827080,0.89827080,0.06678029,0.06678029
2025-01-28,验证集,0.90573403,0.88968784,0.88968784,0.06610012,0.06610012
2025-01-29,训练集,0.88981597,0.87822564,0.87822564,0.09872253,0.09872253
2025-01-30,测试集,0.90012986,0.88836589,0.88836589,0.07348695,0.07348695
2025-01-31,训练集,0.71139514,0.85845475,0.85845475,0.25913724,0.25913724
2025-02-01,训练集,0.65149306,0.74074512,0.74074512,0.16114752,0.16114752
2025-02-02,训练集,0.83638819,0.72561247,0.72561247,0.13680096,0.13680096
2025-02-03,验证集,0.84479028,0.83716893,0.83716893,0.05459062,0.05459062
2025-02-04,训练集,0.84918958,0.83277713,0.83277713,0.09614913,0.09614913
2025-02-05,测试集,0.84825417,0.84771593,0.84771593,0.05443285,0.05443285
2025-02-06,训练集,0.84396458,0.83396821,0.83396821,0.08916276,0.08916276
2025-02-07,训练集,0.64403889,0.81170628,0.81170628,0.30207485,0.30207485
2025-02-08,训练集,0.64235139,0.68837489,0.68837489,0.11319179,0.11319179
2025-02-09,验证集,0.84138403,0.72329488,0.72329488,0.14720858,0.14720858
2025-02-10,训练集,0.81806389,0.79461944,0.79461944,0.09105821,0.09105821
2025-02-11,测试集,0.82849236,0.81086235,0.81086235,0.05648243,0.05648243
2025-02-12,训练集,0.82642431,0.79307290,0.79307290,0.08893958,0.08893958
2025-02-13,训练集,0.81479097,0.81748264,0.81748264,0.07091063,0.07091063
2025-02-14,训练集,0.63110000,0.77422948,0.77422948,0.25150668,0.25150668
2025-02-15,验证集,0.63784722,0.67195318,0.67195318,0.09050187,0.09050187
2025-02-16,训练集,0.83032222,0.78241507,0.78241507,0.09763309,0.09763309
2025-02-17,测试集,0.81735278,0.81441774,0.81441774,0.06021324,0.06021324
2025-02-18,训练集,0.81452153,0.78388571,0.78388571,0.08360885,0.08360885
2025-02-19,训练集,0.81642986,0.80579386,0.80579386,0.06996240,0.06996240
2025-02-20,训练集,0.81680694,0.80828468,0.80828468,0.06585767,0.06585767
2025-02-21,验证集,0.62085000,0.76957940,0.76957940,0.27532827,0.27532827
2025-02-22,训练集,0.63528403,0.77124314,0.77124314,0.27169761,0.27169761
2025-02-23,测试集,0.81537847,0.70977606,0.70977606,0.13175996,0.13175996
2025-02-24,训练集,0.80824931,0.77241417,0.77241417,0.09622109,0.09622109
2025-02-25,训练集,0.79409653,0.80278190,0.80278190,0.05596378,0.05596378
2025-02-26,训练集,0.80553819,0.79412230,0.79412230,0.06116241,0.06116241
2025-02-27,验证集,0.79791181,0.80032611,0.80032611,0.06321997,0.06321997
2025-02-28,训练集,0.61667847,0.76048690,0.73833297,0.28671598,0.22706846
2025-03-01,测试集,0.61422222,0.63836240,0.65669786,0.08959210,0.09859009
2025-03-02,训练集,0.81229306,0.76327313,0.77546383,0.11486970,0.07308831
2025-03-03,训练集,0.81185000,0.80813693,0.80006430,0.05577886,0.05059216
2025-03-04,训练集,0.80062778,0.80762263,0.80254375,0.04441116,0.04394673
2025-03-05,验证集,0.79450069,0.79926702,0.80573251,0.05550104,0.05513560
2025-03-06,训练集,0.79185694,0.78010521,0.78803217,0.08524002,0.06775194
2025-03-07,测试集,0.60850139,0.75668268,0.74084592,0.31215771,0.27410759
2025-03-08,训练集,0.59726319,0.76312154,0.73544678,0.34579297,0.27563178
2025-03-09,训练集,0.78380903,0.63611192,0.69704160,0.19066678,0.11895911
2025-03-10,训练集,0.80245139,0.77784538,0.79190954,0.06297959,0.05121983
2025-03-11,验证集,0.78939306,0.78811698,0.79001721,0.06593212,0.05845405
2025-03-12,训练集,0.78016806,0.76815992,0.77744087,0.09389670,0.07292100
2025-03-13,测试集,0.79963750,0.77630159,0.77544070,0.07713817,0.06793530
2025-03-14,训练集,0.59138681,0.74863905,0.72444326,0.37542213,0.30906085
2025-03-15,训练集,0.60477222,0.63659752,0.64478352,0.11725682,0.11998543
2025-03-16,训练集,0.78489514,0.67448313,0.71402849,0.14266521,0.09637202
2025-03-17,验证集,0.76017569,0.76715827,0.77830484,0.07151477,0.06290820
2025-03-18,训练集,0.77601667,0.73640349,0.75141610,0.10133264,0.06697812
2025-03-19,测试集,0.77183819,0.76175611,0.75774860,0.07177350,0.06377370
2025-03-20,训练集,0.77863819,0.73893661,0.74518246,0.10947802,0.07748545
2025-03-21,训练集,0.57029028,0.73062805,0.71341446,0.38219704,0.32909374
2025-03-22,训练集,0.58738819,0.63429362,0.60024291,0.14217610,0.09254828
2025-03-23,验证集,0.76717847,0.66921445,0.69470663,0.13884617,0.10497979
2025-03-24,训练集,0.76748611,0.71121028,0.72923110,0.11733959,0.08343976
2025-03-25,测试集,0.77127569,0.74583106,0.74505113,0.06349061,0.05562085
2025-03-26,训练集,0.75661111,0.71361317,0.71962658,0.10188168,0.08169437
2025-03-27,训练集,0.76641597,0.74266439,0.74274327,0.07749521,0.06137775
2025-03-28,训练集,0.57476806,0.70982787,0.66982195,0.33400174,0.23971047
2025-03-29,验证集,0.56308681,0.62872725,0.61730567,0.20412163,0.17035285
2025-03-30,训练集,0.75202708,0.71224155,0.72055196,0.10792329,0.08035977
2025-03-31,测试集,0.76070417,0.73707630,0.74444516,0.07349833,0.06439852
2025-04-01,训练集,0.77310903,0.71388133,0.72634540,0.12477076,0.09877954
2025-04-02,训练集,0.77232014,0.74613426,0.74557815,0.07617498,0.06454882
2025-04-03,训练集,0.76446389,0.75376063,0.75933677,0.08001212,0.06864492
2025-04-04,验证集,0.55950278,0.70920609,0.67570449,0.34620775,0.26201419
2025-04-05,训练集,0.57552847,0.71147692,0.68408794,0.32499036,0.24150202
2025-04-06,测试集,0.75568681,0.66038725,0.68170999,0.13458567,0.10871311
2025-04-07,训练集,0.75171597,0.71377449,0.73729213,0.09923606,0.06890552
2025-04-08,训练集,0.75191597,0.74294150,0.74881085,0.07716447,0.06859286
2025-04-09,训练集,0.76627083,0.74382586,0.74883916,0.08065746,0.06862522
2025-04-10,验证集,0.75802708,0.75412202,0.75563404,0.06919391,0.06507498
2025-04-11,训练集,0.55147847,0.70539273,0.69689550,0.39913695,0.35521546
2025-04-12,测试集,0.56386736,0.59469898,0.61358250,0.11794151,0.13637661
2025-04-13,训练集,0.75625486,0.70726746,0.72953195,0.11455263,0.07880560
2025-04-14,训练集,0.74659722,0.74736296,0.74417316,0.06650162,0.06061755
2025-04-15,训练集,0.73853264,0.74262982,0.74741883,0.07169152,0.07100037
2025-04-16,验证集,0.76235417,0.73713299,0.74389880,0.07665552,0.06015123
2025-04-17,训练集,0.74776736,0.72387613,0.73659470,0.10364351,0.04853190
2025-04-18,测试集,0.55942014,0.70665604,0.68461665,0.30930397,0.24906235
2025-04-19,训练集,0.55797639,0.70812048,0.70763111,0.37318740,0.33517715
2025-04-20,训练集,0.74543889,0.60509041,0.68750944,0.19496336,0.08830145
2025-04-21,训练集,0.73395208,0.73195970,0.73244992,0.06731385,0.05546303
2025-04-22,验证集,0.75095833,0.72655528,0.73407731,0.07555970,0.05516544
2025-04-23,训练集,0.74791250,0.71642300,0.73286307,0.10111696,0.05542880
2025-04-24,测试集,0.73618472,0.73666602,0.73363887,0.07168009,0.05435578
2025-04-25,训练集,0.54069167,0.69764915,0.68909812,0.41735036,0.35905401
2025-04-26,训练集,0.53780486,0.58758431,0.62203030,0.33774633,0.38220850
2025-04-27,训练集,0.73378264,0.60856765,0.66684598,0.18170195,0.09897139
2025-04-28,验证集,0.76605208,0.71256105,0.72253818,0.09735611,0.08201853
2025-04-29,训练集,0.73038264,0.68436276,0.70939940,0.11983612,0.05942808
2025-04-30,测试集,0.72944236,0.71694005,0.71940086,0.07671057,0.06246668
2025-05-01,训练集,0.74732639,0.68839618,0.70181659,0.11499703,0.08191031
2025-05-02,训练集,0.58695139,0.69009515,0.66663802,0.21390074,0.15335780
2025-05-03,训练集,0.56982431,0.61787770,0.63344642,0.15256461,0.15420211
2025-05-04,验证集,0.74612847,0.64356188,0.68154179,0.14650691,0.10029837
2025-05-05,训练集,0.76046111,0.67182207,0.69445047,0.14035635,0.09419823
2025-05-06,测试集,0.75323611,0.72509172,0.71838904,0.07062254,0.06466479
2025-05-07,训练集,0.75872917,0.68239622,0.68957277,0.11837890,0.09724468
2025-05-08,训练集,0.76165903,0.72752012,0.72068264,0.08525713,0.07395569
2025-05-09,训练集,0.56673819,0.69891398,0.66237269,0.30271635,0.21298221
2025-05-10,验证集,0.57530764,0.61472671,0.61082806,0.14766096,0.10454328
2025-05-11,训练集,0.76078194,0.68836319,0.69981334,0.13141047,0.09248782
2025-05-12,测试集,0.75178819,0.73087325,0.71999505,0.07723281,0.06783463
2025-05-13,训练集,0.75644583,0.69530387,0.69223935,0.11299187,0.09826421
2025-05-14,训练集,0.74755139,0.73115183,0.72627260,0.07731404,0.05395536
2025-05-15,训练集,0.75277708,0.73117516,0.72298941,0.07113508,0.05704961
2025-05-16,验证集,0.54538542,0.69641447,0.65995251,0.42051927,0.30573917
2025-05-17,训练集,0.57341597,0.69350343,0.66289882,0.26873801,0.17881150
2025-05-18,测试集,0.75068125,0.65858561,0.69824350,0.13199054,0.08008414
2025-05-19,训练集,0.73175972,0.70011424,0.71597583,0.10561282,0.06365151
2025-05-20,训练集,0.75658194,0.72354440,0.72341183,0.08212077,0.06931083
2025-05-21,训练集,0.74582431,0.74035800,0.73402162,0.08288135,0.06120166
2025-05-22,验证集,0.74619306,0.73623475,0.73507651,0.06426380,0.04968299
2025-05-23,训练集,0.55697431,0.69399412,0.67601650,0.34193739,0.26337126
2025-05-24,测试集,0.55320486,0.60031249,0.63984100,0.16024655,0.21691225
2025-05-25,训练集,0.73796181,0.69929324,0.72266692,0.09784157,0.05868814
2025-05-26,训练集,0.75247222,0.72768328,0.72856358,0.07977085,0.06714946
2025-05-27,训练集,0.74292153,0.74380088,0.73694082,0.08036614,0.06092084
2025-05-28,验证集,0.75126736,0.73511002,0.73451522,0.07893028,0.06442096
2025-05-29,训练集,0.75951250,0.71757577,0.72883377,0.10855389,0.06268435
2025-05-30,测试集,0.56099306,0.71491747,0.68221037,0.46279659,0.35448503
2025-05-31,训练集,0.56635486,0.70506605,0.70101101,0.34683638,0.30295378
2025-06-01,训练集,0.81918056,0.61890387,0.69000720,0.25162460,0.16632393
2025-06-02,训练集,0.80994583,0.76100057,0.73879013,0.09854508,0.09697494
2025-06-03,验证集,0.80628264,0.76897890,0.75026366,0.07299400,0.07723531
2025-06-04,训练集,0.81365903,0.73088018,0.73022112,0.12828030,0.11095550
2025-06-05,测试集,0.82206944,0.77802197,0.76284253,0.07635824,0.08324814
2025-06-06,训练集,0.64928264,0.72189968,0.70152967,0.16371191,0.10999388
2025-06-07,训练集,0.65028819,0.66805325,0.66961099,0.09124706,0.07391202
2025-06-08,训练集,0.79707917,0.70884195,0.73984166,0.12146449,0.08544744
2025-06-09,验证集,0.81925625,0.76825645,0.75222038,0.08591002,0.08989997
2025-06-10,训练集,0.81681806,0.73024770,0.73497011,0.12927323,0.10447064
2025-06-11,测试集,0.83169653,0.78896088,0.75739948,0.07982721,0.09696636
2025-06-12,训练集,0.82198333,0.74211400,0.73929533,0.12892239,0.11142013
2025-06-13,训练集,0.64002917,0.76158833,0.71026013,0.22499592,0.12795365
2025-06-14,训练集,0.63686736,0.68482689,0.69603477,0.12418296,0.11742260
2025-06-15,验证集,0.81782708,0.71271731,0.74998291,0.13523127,0.08747427
2025-06-16,训练集,0.82324167,0.73144738,0.74905059,0.13394493,0.09817576
2025-06-17,测试集,0.82862639,0.78142018,0.76185187,0.08796125,0.08692119
2025-06-18,训练集,0.82005000,0.74451368,0.75586414,0.11724888,0.08251080
2025-06-19,训练集,0.80791042,0.78375490,0.76769759,0.06261975,0.06210745
2025-06-20,训练集,0.62130694,0.74941132,0.71784441,0.24613084,0.17864188
2025-06-21,验证集,0.60952569,0.68388739,0.68864265,0.18743579,0.17542090
2025-06-22,训练集,0.80749167,0.74855277,0.76419562,0.10766751,0.06958452
2025-06-23,测试集,0.80487222,0.78074324,0.77572878,0.07179972,0.05538293
2025-06-24,训练集,0.84053472,0.75650038,0.76345970,0.12623446,0.09518338
2025-06-25,训练集,0.81634653,0.79416468,0.77983833,0.07529174,0.05965506
2025-06-26,训练集,0.80597431,0.79193600,0.78261344,0.07589402,0.05086297
2025-06-27,验证集,0.60512014,0.75426552,0.71723899,0.31862476,0.23294531
2025-06-28,训练集,0.62298889,0.75839177,0.71311065,0.29663868,0.18939697
2025-06-29,测试集,0.81182708,0.72354125,0.75330412,0.12672907,0.08349254
2025-06-30,训练集,0.81018819,0.76261106,0.76891775,0.10629085,0.06477029
2025-07-01,训练集,0.89076181,0.79719945,0.78383169,0.11174429,0.11507254
2025-07-02,训练集,0.87532153,0.84737735,0.81082683,0.07476270,0.08952481
2025-07-03,验证集,0.90143611,0.84655175,0.81404811,0.07252418,0.09514250
2025-07-04,训练集,0.69030833,0.77379209,0.72583179,0.30921724,0.22218972
2025-07-05,测试集,0.68431875,0.70587760,0.69924595,0.09756363,0.09573982
2025-07-06,训练集,0.89867083,0.78476887,0.78444739,0.13301601,0.12012147
2025-07-07,训练集,0.87739028,0.86837795,0.82743785,0.05924593,0.07190665
2025-07-08,训练集,0.88360347,0.86945448,0.84393983,0.06552932,0.07130757
2025-07-09,验证集,0.87917708,0.86620801,0.84008548,0.06162143,0.05802815
2025-07-10,训练集,0.87750764,0.81995056,0.79826631,0.11211126,0.09942680
2025-07-11,测试集,0.70694653,0.83809361,0.77386805,0.21698731,0.12185822
2025-07-12,训练集,0.69428194,0.81081740,0.74752675,0.24829844,0.15235586
2025-07-13,训练集,0.85428750,0.73944181,0.79342464,0.13874872,0.08211804
2025-07-14,训练集,0.87221528,0.84479995,0.83217819,0.06616647,0.05973940
2025-07-15,验证集,0.87210833,0.86833268,0.85439028,0.06473912,0.05396206
2025-07-16,训练集,0.87580208,0.82917664,0.81804534,0.09920742,0.07615371
2025-07-17,测试集,0.87482083,0.86883588,0.84469893,0.07062154,0.06134346
2025-07-18,训练集,0.69420278,0.81763598,0.76042261,0.23392125,0.13251884
2025-07-19,训练集,0.68029931,0.70242931,0.72777552,0.10392316,0.13344843
2025-07-20,训练集,0.86761250,0.72772051,0.79004542,0.17369276,0.09717520
2025-07-21,验证集,0.87917917,0.85590272,0.84422546,0.05913615,0.05456392
2025-07-22,训练集,0.87513333,0.81438967,0.83082322,0.10448574,0.06890812
2025-07-23,测试集,0.87558403,0.86470514,0.85018293,0.06352903,0.05507804
2025-07-24,训练集,0.87744583,0.81962647,0.82005646,0.10422432,0.07831260
2025-07-25,训练集,0.67696875,0.83902678,0.79603578,0.31789400,0.23277863
2025-07-26,训练集,0.68800903,0.70297182,0.72070529,0.08537200,0.08777436
2025-07-27,验证集,0.87713125,0.75042528,0.79470442,0.14409139,0.09583131
2025-07-28,训练集,0.88623681,0.79835028,0.82237510,0.12742696,0.08302266
2025-07-29,测试集,0.88462778,0.87044780,0.86547926,0.05893607,0.04618741
2025-07-30,训练集,0.87969653,0.80924389,0.82531727,0.11647356,0.07223755
2025-07-31,训练集,0.88143125,0.86321914,0.85580911,0.06507366,0.05328415
2025-08-01,训练集,0.66639722,0.82685752,0.79334031,0.31666607,0.24118983
2025-08-02,验证集,0.66218750,0.70994989,0.71019053,0.15208312,0.13510748
2025-08-03,训练集,0.83336875,0.81085668,0.83369429,0.10979166,0.05699247
2025-08-04,测试集,0.84478472,0.83196218,0.83595234,0.06843494,0.04776080
2025-08-05,训练集,0.84459583,0.81252440,0.83666980,0.11266463,0.05171132
2025-08-06,训练集,0.85774861,0.83708186,0.84073333,0.07014145,0.05226187
2025-08-07,训练集,0.84110486,0.84735554,0.84951793,0.07939024,0.05801989
2025-08-08,验证集,0.63795208,0.79431413,0.76144342,0.38041889,0.29122724
2025-08-09,训练集,0.65297500,0.80288998,0.77564832,0.33329751,0.24484108
2025-08-10,测试集,0.84869097,0.72976979,0.76682560,0.14901103,0.10333371
2025-08-11,训练集,0.83962986,0.80507508,0.83159254,0.10026460,0.05539390
2025-08-12,训练集,0.85737083,0.82867441,0.83190740,0.06745136,0.05589230
2025-08-13,训练集,0.85316528,0.84728523,0.84716173,0.06378697,0.04604980
2025-08-14,验证集,0.85012014,0.84251257,0.84580919,0.06830016,0.05294083
2025-08-15,训练集,0.65121528,0.79718821,0.76470479,0.36070228,0.25866461
2025-08-16,测试集,0.64734097,0.68562978,0.69351992,0.13507948,0.12882476
2025-08-17,训练集,0.83990000,0.79847573,0.81874743,0.11490675,0.06423107
2025-08-18,训练集,0.84756111,0.83394215,0.83583168,0.06128898,0.05105474
2025-08-19,训练集,0.84291528,0.84162256,0.83652102,0.05049355,0.04770536
2025-08-20,验证集,0.86634861,0.83811790,0.84083915,0.06772569,0.05562114
2025-08-21,训练集,0.84720694,0.81754682,0.82680664,0.10388912,0.04939814
2025-08-22,测试集,0.66047083,0.80601500,0.76368435,0.31379251,0.22141739
2025-08-23,训练集,0.65919653,0.80155830,0.76714546,0.32954479,0.22886515
2025-08-24,训练集,0.84102153,0.70056802,0.77398932,0.17600492,0.08574172
2025-08-25,训练集,0.86015694,0.83260340,0.83255031,0.07085457,0.05649583
2025-08-26,验证集,0.84441806,0.84599471,0.84112410,0.07179719,0.05163542
2025-08-27,训练集,0.85338750,0.81510949,0.82731617,0.10250026,0.06403146
2025-08-28,测试集,0.86350486,0.84352818,0.83633408,0.07084542,0.06276814
2025-08-29,训练集,0.66450764,0.79765333,0.76328594,0.28729031,0.19009577
2025-08-30,训练集,0.65466250,0.68377056,0.73297336,0.12457804,0.18882122
2025-08-31,训练集,0.84653889,0.70883628,0.78175945,0.17719547,0.09713595
2025-09-01,验证集,0.75173264,0.83177529,0.83239220,0.12383853,0.11558883
2025-09-02,训练集,0.75399306,0.79047438,0.81605470,0.12320706,0.11809830
2025-09-03,测试集,0.76099444,0.77037434,0.80856498,0.07185243,0.08880252
2025-09-04,训练集,0.75699792,0.78353712,0.81353959,0.12983385,0.11543843
2025-09-05,训练集,0.55864028,0.73922658,0.73323088,0.39658237,0.35735450
2025-09-06,训练集,0.56571111,0.61431766,0.67532455,0.17948328,0.27609895
2025-09-07,验证集,0.75931389,0.64687453,0.71803794,0.16253320,0.09676316
2025-09-08,训练集,0.77352361,0.73534190,0.79291822,0.12704859,0.09728476
2025-09-09,测试集,0.75188333,0.75838222,0.77426094,0.06912065,0.07179340
2025-09-10,训练集,0.78182361,0.73663094,0.79149509,0.12170620,0.10038739
2025-09-11,训练集,0.75306389,0.76537587,0.77095273,0.07601584,0.06931215
2025-09-12,训练集,0.57508542,0.71439393,0.69453885,0.31928865,0.25900236
2025-09-13,验证集,0.56651597,0.61395453,0.63043416,0.22938279,0.23571379
2025-09-14,训练集,0.77590625,0.72986194,0.76924930,0.11344909,0.07934797
2025-09-15,测试集,0.76172639,0.76125968,0.76233206,0.06668715,0.05828736
2025-09-16,训练集,0.77794653,0.72493133,0.73606683,0.11140617,0.08218299
2025-09-17,训练集,0.77805486,0.76849863,0.78215558,0.06785645,0.05690121
2025-09-18,训练集,0.76982569,0.76190808,0.75248833,0.06941090,0.05485834
2025-09-19,验证集,0.59325208,0.72250982,0.69763213,0.25686494,0.19676817
2025-09-20,训练集,0.58746111,0.72131227,0.69594155,0.33395242,0.23647598
2025-09-21,测试集,0.77384931,0.65455513,0.69474844,0.16593426,0.11374863
2025-09-22,训练集,0.78216597,0.72358066,0.73235499,0.11009845,0.07557803
2025-09-23,训练集,0.78175208,0.77142213,0.77061211,0.06636999,0.05215739
2025-09-24,训练集,0.77610972,0.77621078,0.77406544,0.05925767,0.05485424
2025-09-25,验证集,0.77760764,0.76493973,0.75932873,0.06005222,0.05175372
2025-09-26,训练集,0.59281389,0.71796004,0.69335822,0.28011289,0.19444592
2025-09-27,测试集,0.59968403,0.61053905,0.63383733,0.09324465,0.10128323
2025-09-28,训练集,0.78938819,0.72536495,0.73829519,0.11000233,0.07772841
2025-09-29,训练集,0.78775833,0.78612345,0.77566445,0.05564330,0.04256816
2025-09-30,训练集,0.79382431,0.78457940,0.77877057,0.06448360,0.05862637
2025-10-01,验证集,0.73815556,0.78960353,0.78454652,0.11836077,0.10371212
2025-10-02,训练集,0.74197222,0.74690528,0.75727680,0.10342794,0.05673800
2025-10-03,测试集,0.55796458,0.71133905,0.70353376,0.40421710,0.37296067
2025-10-04,训练集,0.58583056,0.72931888,0.72299872,0.33523200,0.28162958
2025-10-05,训练集,0.75256111,0.62518686,0.68114074,0.17781716,0.10121652
2025-10-06,训练集,0.76848958,0.74995088,0.75533369,0.06903401,0.05563822
2025-10-07,验证集,0.76575347,0.76193780,0.77004135,0.05985065,0.05054729
2025-10-08,训练集,0.76068542,0.73839772,0.75676317,0.09618100,0.05336675
2025-10-09,测试集,0.75780347,0.75173849,0.75022413,0.06347125,0.05096512
2025-10-10,训练集,0.55953194,0.72112793,0.71816553,0.53355625,0.46986647
2025-10-11,训练集,0.58455139,0.58895587,0.61249607,0.09203190,0.08899441
2025-10-12,训练集,0.76634375,0.64224047,0.68376589,0.17256522,0.11962867
2025-10-13,验证集,0.76465139,0.74930414,0.75962520,0.06681190,0.04575313
2025-10-14,训练集,0.77306667,0.71284606,0.74202165,0.11738401,0.06351013
2025-10-15,测试集,0.77605556,0.75367958,0.75774898,0.06831973,0.05577398
2025-10-16,训练集,0.78222083,0.71448061,0.73049576,0.12343778,0.08054951
2025-10-17,训练集,0.58880625,0.72761727,0.71117133,0.29444014,0.24523908
2025-10-18,训练集,0.58306806,0.63224414,0.62395700,0.14127304,0.10407886
2025-10-19,验证集,0.78936042,0.65774413,0.68874566,0.17112598,0.12944643
2025-10-20,训练集,0.78712708,0.69790664,0.72620869,0.14397868,0.08506546
2025-10-21,测试集,0.79530625,0.75721007,0.75317151,0.07166533,0.06940400
2025-10-22,训练集,0.79295069,0.70593146,0.71707954,0.14058294,0.10133156
2025-10-23,训练集,0.78133611,0.76166497,0.76007403,0.07018918,0.05441751
2025-10-24,训练集,0.59635833,0.72015438,0.68531198,0.27161613,0.18517071
2025-10-25,验证集,0.59850903,0.63872374,0.63453926,0.13802938,0.09832275
2025-10-26,训练集,0.78733056,0.71418143,0.72359251,0.12726094,0.08797915
2025-10-27,测试集,0.78289583,0.76109737,0.75587735,0.08045614,0.06048830
2025-10-28,训练集,0.79306667,0.72304253,0.72416275,0.12164310,0.09126150
2025-10-29,训练集,0.80695694,0.76364579,0.76642685,0.08492510,0.06148552
2025-10-30,训练集,0.79196042,0.77570009,0.77139352,0.06820075,0.04837203
2025-10-31,验证集,0.61773264,0.73237454,0.69006338,0.22564505,0.13581342
2025-11-01,训练集,0.60460347,0.72564488,0.68642750,0.27287655,0.16512476
2025-11-02,测试集,0.80224444,0.68468614,0.71766164,0.14828516,0.11095583
2025-11-03,训练集,0.80547083,0.73284380,0.73882171,0.12247502,0.09583357
2025-11-04,训练集,0.79758264,0.78284282,0.77923553,0.06674586,0.05284294
2025-11-05,训练集,0.80895556,0.78333813,0.78598570,0.05828969,0.04778216
2025-11-06,验证集,0.81506736,0.78951201,0.78390019,0.06307405,0.05874820
2025-11-07,训练集,0.61553403,0.73422675,0.71397361,0.27017106,0.18813876
2025-11-08,测试集,0.61734097,0.64910570,0.67908516,0.09895618,0.11665812
2025-11-09,训练集,0.81031736,0.74317070,0.75840443,0.11903848,0.08029360
2025-11-10,训练集,0.81897292,0.79831830,0.78694624,0.06742575,0.06649733
2025-11-11,训练集,0.81385903,0.80411696,0.79510511,0.05946379,0.04965532
2025-11-12,验证集,0.81239514,0.80535887,0.80227924,0.05582959,0.04316060
2025-11-13,训练集,0.81853611,0.76977097,0.78032103,0.09952887,0.06251275
2025-11-14,测试集,0.62907847,0.77546356,0.75375290,0.26559990,0.21178136
2025-11-15,训练集,0.62876806,0.75852277,0.75249075,0.25596691,0.20811056
2025-11-16,训练集,0.82057986,0.67238298,0.73756819,0.17518272,0.10181275
2025-11-17,训练集,0.81585486,0.80518015,0.80023739,0.05966104,0.05029361
2025-11-18,验证集,0.82191250,0.80223310,0.80021512,0.06612029,0.05993065
2025-11-19,训练集,0.82901389,0.77634250,0.79247046,0.10711763,0.06095328
2025-11-20,测试集,0.82117917,0.81516836,0.80469582,0.06282594,0.05152172
2025-11-21,训练集,0.63263403,0.76295668,0.76110838,0.25410097,0.22077941
2025-11-22,训练集,0.63667500,0.65692229,0.70669095,0.09209139,0.13244843
2025-11-23,训练集,0.82649444,0.69442280,0.75093832,0.16134700,0.09751008
2025-11-24,验证集,0.82105069,0.80398794,0.80170412,0.06382412,0.04786940
2025-11-25,训练集,0.82412431,0.75966378,0.78225265,0.11004870,0.06306284
2025-11-26,测试集,0.82993403,0.80883719,0.80812671,0.07149679,0.05324601
2025-11-27,训练集,0.82856389,0.76756821,0.78888697,0.11004688,0.06575399
2025-11-28,训练集,0.63402431,0.77641183,0.75913025,0.26268712,0.21551959
2025-11-29,训练集,0.65043819,0.68020421,0.69966404,0.09511198,0.09893261
2025-11-30,验证集,0.83959931,0.72203798,0.76029156,0.14478794,0.09651351
2025-12-01,训练集,0.90760556,0.74908133,0.77696026,0.18257666,0.13942464
2025-12-02,测试集,0.91531389,0.84581666,0.82907339,0.08939272,0.09325823
2025-12-03,训练集,0.91203264,0.76933477,0.78516086,0.15696139,0.13528713
2025-12-04,训练集,0.90508542,0.84883633,0.83619689,0.07666512,0.07558824
2025-12-05,训练集,0.71717708,0.82235377,0.77492567,0.18954408,0.12182804
2025-12-06,验证集,0.72719653,0.73844249,0.71774144,0.08280669,0.06549285
2025-12-07,训练集,0.91010833,0.79659283,0.79726363,0.13595192,0.12060563
2025-12-08,测试集,0.90851528,0.87374543,0.86338726,0.07278220,0.05808588
2025-12-09,训练集,0.90577708,0.81100412,0.79949494,0.12401740,0.11114536
2025-12-10,训练集,0.91615903,0.87384104,0.87441873,0.07760263,0.05886071
2025-12-11,训练集,0.89763403,0.88072327,0.87120492,0.06606111,0.04707986
2025-12-12,验证集,0.72377986,0.83602114,0.78490618,0.18675879,0.11459261
2025-12-13,训练集,0.72969653,0.82009398,0.76812003,0.18670918,0.10277673
2025-12-14,测试集,0.92073750,0.79848244,0.82293794,0.13016091,0.10554742
2025-12-15,训练集,0.91444028,0.83730524,0.83932608,0.11265198,0.08413747
2025-12-16,训练集,0.91091389,0.89441402,0.88376023,0.05394971,0.04137411
2025-12-17,训练集,0.90880972,0.89890009,0.90501378,0.05382892,0.03973258
2025-12-18,验证集,0.90947778,0.89363331,0.88467681,0.06091849,0.05313353
2025-12-19,训练集,0.72509444,0.83853360,0.80763896,0.20866333,0.13721011
2025-12-20,测试集,0.71897083,0.75189021,0.78140733,0.08636130,0.10371097
2025-12-21,训练集,0.91007639,0.85091818,0.86841880,0.10302424,0.05870072
2025-12-22,训练集,0.91928542,0.90416853,0.90109184,0.05366380,0.04069686
2025-12-23,训练集,0.91268889,0.90819339,0.90711111,0.05418162,0.03963208
2025-12-24,验证集,0.90826528,0.90744252,0.90903526,0.05075074,0.03976481
2025-12-25,训练集,0.91025208,0.87468413,0.89250488,0.10316746,0.05234852
2025-12-26,测试集,0.72377500,0.87265720,0.86129220,0.23525405,0.20614556
2025-12-27,训练集,0.72122778,0.86388938,0.86540661,0.26107827,0.22538134
2025-12-28,训练集,0.90589167,0.76223143,0.82703391,0.16424953,0.09247593
2025-12-29,训练集,0.90653125,0.90017058,0.89999805,0.04535274,0.04040837
2025-12-30,验证集,0.90045833,0.89884097,0.90240679,0.05505438,0.04135356
2025-12-31,训练集,0.91024375,0.87601179,0.89576528,0.09436401,0.04450280
