日期,MAE(元/kWh),RMSE(元/kWh),MAPE,前日偏差权重,实际均价(元/kWh),预测均价(元/kWh)
2025-01-01,0.17703126,0.22274977,17.96708595%,0.00000000,0.92652153,0.76619722
2025-01-02,0.10503960,0.13232388,12.21214315%,0.60000000,0.92660278,1.02271611
2025-01-03,0.18910632,0.21020183,28.81018695%,0.60000000,0.73862361,0.92661291
2025-01-04,0.05024097,0.06180007,8.45828679%,0.60000000,0.73031667,0.74485762
2025-01-05,0.18124349,0.20342059,19.81042149%,0.60000000,0.92523194,0.74454140
2025-01-06,0.05277914,0.06743626,6.06904795%,0.60000000,0.92899236,0.90869181
2025-01-07,0.04633116,0.05774121,6.02541215%,0.60000000,0.92342222,0.91328228
2025-01-08,0.04878800,0.06162727,6.48489855%,0.60000000,0.91737361,0.91966780
2025-01-09,0.05225417,0.06733257,6.64403393%,0.48769297,0.92059236,0.90567141
2025-01-10,0.15304729,0.17241152,24.48493176%,0.51370479,0.72930417,0.88194701
2025-01-11,0.05918048,0.07526206,10.34915250%,0.50312513,0.73421250,0.77669645
2025-01-12,0.13079273,0.15636171,14.02200883%,0.54368951,0.92542153,0.79625221
2025-01-13,0.05171037,0.06513987,6.81830144%,0.49573368,0.91492014,0.90020516
2025-01-14,0.05153353,0.06399057,6.18379233%,0.51328532,0.91690139,0.89677622
2025-01-15,0.04929528,0.06425907,5.48982448%,0.52914181,0.92310278,0.90334612
2025-01-16,0.04325778,0.05702912,5.40869776%,0.54481802,0.91505139,0.90867243
2025-01-17,0.14975589,0.17237396,23.00860114%,0.55581011,0.72453611,0.87400422
2025-01-18,0.05762970,0.07170661,9.49627928%,0.54798148,0.72237014,0.76981532
2025-01-19,0.12905744,0.15220280,13.85072517%,0.57483514,0.91766875,0.79077422
2025-01-20,0.04878454,0.06250325,5.99047789%,0.53865135,0.91349514,0.89649090
2025-01-21,0.04584415,0.05728817,5.98939862%,0.55237835,0.89557431,0.89710347
2025-01-22,0.05601623,0.07172416,6.41641383%,0.56143806,0.91911667,0.88918412
2025-01-23,0.04868119,0.06136044,6.33669018%,0.57182125,0.92200417,0.90428253
2025-01-24,0.16643908,0.19101411,27.40982064%,0.58186519,0.70988056,0.87631964
2025-01-25,0.06271675,0.07928143,11.48736207%,0.56735204,0.70497153,0.75673132
2025-01-26,0.14126455,0.16437165,15.33023080%,0.59030826,0.91621736,0.77820136
2025-01-27,0.04719731,0.05804293,6.02134762%,0.55446711,0.89843333,0.89478048
2025-01-28,0.05041635,0.06572530,6.36401914%,0.56127562,0.90573403,0.88447689
2025-01-29,0.04801531,0.05946212,6.14827329%,0.56948970,0.88981597,0.89481340
2025-01-30,0.05203053,0.06374363,6.75867952%,0.57449126,0.90012986,0.88382480
2025-01-31,0.14640733,0.16824166,23.27728188%,0.61615555,0.71139514,0.85764819
2025-02-01,0.10336714,0.12836768,17.23908103%,0.60850158,0.65149306,0.74932497
2025-02-02,0.10251409,0.12445379,12.55863126%,0.62507975,0.83638819,0.73670892
2025-02-03,0.03878272,0.04872771,5.08167255%,0.63634686,0.84479028,0.83812600
2025-02-04,0.03711201,0.04702990,5.15888623%,0.63127758,0.84918958,0.84523226
2025-02-05,0.03612044,0.04572605,5.18580421%,0.62982472,0.84825417,0.84835027
2025-02-06,0.04031588,0.05024967,5.43377455%,0.63002851,0.84396458,0.84908866
2025-02-07,0.16810030,0.19012246,30.19498905%,0.62719899,0.64403889,0.81198038
2025-02-08,0.05339188,0.06482330,10.20479892%,0.63704431,0.64235139,0.68474548
2025-02-09,0.12876384,0.14797583,15.56819144%,0.64280677,0.84138403,0.71553668
2025-02-10,0.04393080,0.05420666,6.25769445%,0.63237843,0.81806389,0.83332666
2025-02-11,0.03989225,0.04732935,5.52178567%,0.62856237,0.82849236,0.81796953
2025-02-12,0.03982451,0.04856475,5.42015898%,0.62452743,0.82642431,0.82509221
2025-02-13,0.04504112,0.05408823,6.66557086%,0.61998094,0.81479097,0.82414870
2025-02-14,0.15121108,0.17136656,26.50279061%,0.61780332,0.63110000,0.78219879
2025-02-15,0.04536220,0.05552793,8.47243220%,0.62919308,0.63784722,0.67072057
2025-02-16,0.12521419,0.14515526,14.73624701%,0.62825475,0.83032222,0.70752792
2025-02-17,0.04083694,0.05058436,5.62974648%,0.62451015,0.81735278,0.81638585
2025-02-18,0.03436413,0.04420372,5.02185089%,0.61885460,0.81452153,0.81066698
2025-02-19,0.04351212,0.05370019,6.53755039%,0.61529393,0.81642986,0.80837634
2025-02-20,0.04629802,0.05742349,6.48229153%,0.61075112,0.81680694,0.80929927
2025-02-21,0.15723407,0.17856973,28.77272328%,0.60583613,0.62085000,0.77777839
2025-02-22,0.04586225,0.05882550,9.36802605%,0.61324217,0.63528403,0.66231069
2025-02-23,0.11314662,0.13265156,13.81650004%,0.60424402,0.81537847,0.70349920
2025-02-24,0.04079271,0.05224070,5.75484411%,0.61602442,0.80824931,0.80083260
2025-02-25,0.03755881,0.04954310,5.55350689%,0.61473468,0.79409653,0.79881012
2025-02-26,0.04357018,0.05447196,6.30831457%,0.60878834,0.80553819,0.78929028
2025-02-27,0.04324690,0.05439917,6.37880673%,0.60792934,0.79791181,0.79730006
2025-02-28,0.14329727,0.16332715,26.30007753%,0.60248746,0.61667847,0.75967283
2025-03-01,0.05368967,0.06534897,11.35553093%,0.60351422,0.61422222,0.65760088
2025-03-02,0.13179902,0.15743239,16.25760499%,0.58652762,0.81229306,0.68600527
2025-03-03,0.04230222,0.05422733,5.81448899%,0.58542710,0.81185000,0.79346948
2025-03-04,0.03256952,0.04264104,4.79945182%,0.58517382,0.80062778,0.79460958
2025-03-05,0.04044895,0.04883549,5.87431632%,0.58319778,0.79450069,0.79022858
2025-03-06,0.03762924,0.04780463,5.52881651%,0.58158516,0.79185694,0.78550534
2025-03-07,0.14504748,0.16573111,30.95382970%,0.57940713,0.60850139,0.75290056
2025-03-08,0.06632786,0.08050616,13.06076877%,0.57031377,0.59726319,0.65349870
2025-03-09,0.11262964,0.13112304,14.31456511%,0.56644454,0.78380903,0.67535471
2025-03-10,0.04535653,0.05918594,6.36983011%,0.57547893,0.80245139,0.77194697
2025-03-11,0.04465341,0.05702396,6.44932254%,0.57759181,0.78939306,0.78449972
2025-03-12,0.04215858,0.05128549,6.43385239%,0.57851447,0.78016806,0.77834027
2025-03-13,0.05518731,0.07123775,7.78581801%,0.57870467,0.79963750,0.77258715
2025-03-14,0.16411738,0.19073363,37.55118169%,0.57871776,0.59138681,0.75486038
2025-03-15,0.06119416,0.07542379,11.69258894%,0.55252126,0.60477222,0.64049192
2025-03-16,0.11190472,0.13344343,13.85129288%,0.54477177,0.78489514,0.67821737
2025-03-17,0.04248968,0.05210167,6.61385662%,0.55281246,0.76017569,0.77042525
2025-03-18,0.04363824,0.05481649,6.28637401%,0.55292431,0.77601667,0.75342435
2025-03-19,0.04414108,0.05650113,6.74075400%,0.55402853,0.77183819,0.76449829
2025-03-20,0.04438664,0.05419679,6.66183260%,0.55586737,0.77863819,0.76488727
2025-03-21,0.16502848,0.18933746,38.64732175%,0.55640156,0.57029028,0.73525919
2025-03-22,0.04627015,0.05831119,11.72048322%,0.55686085,0.58738819,0.62361248
2025-03-23,0.10906179,0.12879909,14.73012331%,0.55656355,0.76717847,0.66095984
2025-03-24,0.04660870,0.05889982,6.79043033%,0.55913932,0.76748611,0.75206050
2025-03-25,0.03951760,0.05575074,5.54828038%,0.55952022,0.77127569,0.75492572
2025-03-26,0.04171528,0.05312967,6.77117490%,0.56218434,0.75661111,0.75770629
2025-03-27,0.04675674,0.06365778,6.95789503%,0.55918710,0.76641597,0.75119410
2025-03-28,0.14823379,0.17195373,35.31869407%,0.56059165,0.57476806,0.72248344
2025-03-29,0.06843279,0.08739163,18.47136523%,0.55878422,0.56308681,0.62272302
2025-03-30,0.11692253,0.13716274,15.74934354%,0.56763451,0.75202708,0.63997797
2025-03-31,0.04766738,0.06345001,6.66291330%,0.56514486,0.76070417,0.73916539
2025-04-01,0.04939264,0.05973843,7.18934750%,0.56567420,0.77310903,0.74703889
2025-04-02,0.04630523,0.05958857,6.47088077%,0.56924967,0.77232014,0.75445840
2025-04-03,0.04803443,0.06101233,7.57208840%,0.57058975,0.76446389,0.75825651
2025-04-04,0.16007388,0.18074213,36.03053412%,0.56789589,0.55950278,0.71942792
2025-04-05,0.05441253,0.06718375,12.35972578%,0.56311342,0.57552847,0.60789534
2025-04-06,0.10987833,0.12673174,14.97817983%,0.55336033,0.75568681,0.64681905
2025-04-07,0.03860719,0.04926383,5.96162693%,0.55942884,0.75171597,0.73987349
2025-04-08,0.04771114,0.06084426,7.32922950%,0.55992336,0.75191597,0.74003415
2025-04-09,0.05407384,0.06886301,8.15197931%,0.56080882,0.76627083,0.73968205
2025-04-10,0.04088155,0.05405630,6.75693014%,0.56229149,0.75802708,0.75081901
2025-04-11,0.16113804,0.18603914,37.58539168%,0.56221887,0.55147847,0.71196432
2025-04-12,0.05764530,0.07198421,12.49203801%,0.56658982,0.56386736,0.60121293
2025-04-13,0.12279114,0.14435251,16.33108728%,0.56650875,0.75625486,0.63527210
2025-04-14,0.04217746,0.05365231,6.64640048%,0.56017775,0.74659722,0.73716503
2025-04-15,0.04596678,0.05785890,7.16070278%,0.56003121,0.73853264,0.73379263
2025-04-16,0.05539769,0.06846487,8.03550556%,0.55929518,0.76235417,0.73025022
2025-04-17,0.04582135,0.05553439,7.13532368%,0.55722987,0.74776736,0.74510882
2025-04-18,0.14312448,0.16263933,30.27501842%,0.55703388,0.55942014,0.70254462
2025-04-19,0.05732031,0.06988101,15.53004056%,0.55550560,0.55797639,0.60561614
2025-04-20,0.11624318,0.13592950,15.96738353%,0.55735654,0.74543889,0.63152807
2025-04-21,0.04071137,0.05534537,6.47432179%,0.55097279,0.73395208,0.72759186
2025-04-22,0.04972556,0.06267082,7.46921140%,0.54911089,0.75095833,0.72194748
2025-04-23,0.04441591,0.05549685,6.65896576%,0.54818457,0.74791250,0.73666332
2025-04-24,0.04486971,0.05660558,6.91230090%,0.55069102,0.73618472,0.73319850
2025-04-25,0.15498798,0.17394086,39.14510250%,0.55021479,0.54069167,0.69429460
2025-04-26,0.06917192,0.09034763,34.12862482%,0.54956215,0.53780486,0.59159721
2025-04-27,0.12183220,0.14364150,16.97664026%,0.54560316,0.73378264,0.61767193
2025-04-28,0.06357906,0.08468067,9.12219269%,0.54409390,0.76605208,0.71634739
2025-04-29,0.05057064,0.06415199,8.68519643%,0.54427142,0.73038264,0.74029043
2025-04-30,0.04840396,0.06276958,7.37542965%,0.53489197,0.72944236,0.72035069
2025-05-01,0.05340435,0.06377709,8.24397983%,0.53087373,0.74732639,0.71812886
2025-05-02,0.11389753,0.13505244,22.48923986%,0.53191158,0.58695139,0.69752563
2025-05-03,0.06117331,0.07305140,15.25566751%,0.53089835,0.56982431,0.61954942
2025-05-04,0.10963837,0.12657253,15.15272094%,0.52871612,0.74612847,0.63891115
2025-05-05,0.05836458,0.07073206,8.45208426%,0.53311944,0.76046111,0.72721020
2025-05-06,0.04256530,0.05196123,6.38855471%,0.53594273,0.75323611,0.73433557
2025-05-07,0.04524373,0.06064002,6.29456130%,0.53679743,0.75872917,0.73401036
2025-05-08,0.05041304,0.06385584,7.41554287%,0.53703239,0.76165903,0.73951785
2025-05-09,0.14573683,0.16377549,32.97202119%,0.54009534,0.56673819,0.71247502
2025-05-10,0.05396134,0.06825288,13.12616245%,0.53377252,0.57530764,0.60928492
2025-05-11,0.12260117,0.13848116,16.75169414%,0.53168572,0.76078194,0.64317625
2025-05-12,0.04629972,0.05979580,6.69026808%,0.54295346,0.75178819,0.73902677
2025-05-13,0.05003881,0.06657646,7.53450028%,0.54368040,0.75644583,0.73232047
2025-05-14,0.04298492,0.05480834,6.64342642%,0.54554639,0.74755139,0.73883286
2025-05-15,0.04217878,0.05648202,6.21100205%,0.54722476,0.75277708,0.73515564
2025-05-16,0.16306461,0.18586609,44.07900220%,0.54890261,0.54538542,0.70750573
2025-05-17,0.04516545,0.05741907,9.67177078%,0.54344010,0.57341597,0.59688100
2025-05-18,0.11048666,0.13128870,14.89345014%,0.53268267,0.75068125,0.64265378
2025-05-19,0.04834169,0.06631085,8.77956130%,0.54100718,0.73175972,0.73127939
2025-05-20,0.05612242,0.07535717,8.44591639%,0.53769175,0.75658194,0.72055617
2025-05-21,0.05202559,0.06498276,8.14375102%,0.53524333,0.74582431,0.73658944
2025-05-22,0.04329096,0.05425908,6.29682669%,0.53313866,0.74619306,0.73290077
2025-05-23,0.14379370,0.16586790,32.84153711%,0.53211336,0.55697431,0.70004961
2025-05-24,0.06501270,0.07970717,17.16492312%,0.52918217,0.55320486,0.60683342
2025-05-25,0.11153150,0.13046638,15.20526945%,0.52456625,0.73796181,0.63043655
2025-05-26,0.05581149,0.07288704,8.23153936%,0.53359114,0.75247222,0.72016918
2025-05-27,0.04730343,0.06182757,7.83088793%,0.53093297,0.74292153,0.73315115
2025-05-28,0.05077182,0.06633598,8.15319846%,0.53803818,0.75126736,0.72734980
2025-05-29,0.04899541,0.06208573,7.16113657%,0.54169072,0.75951250,0.73540437
2025-05-30,0.14822276,0.17123816,44.61767687%,0.54604576,0.56099306,0.70870743
2025-05-31,0.05657011,0.07103302,13.50450859%,0.53501995,0.56635486,0.60666048
2025-06-01,0.18283945,0.20617166,22.84958632%,0.53489611,0.81918056,0.63667585
2025-06-02,0.06920688,0.08739361,8.98091210%,0.50860699,0.80994583,0.76863452
2025-06-03,0.05134365,0.06434137,6.89875504%,0.51712376,0.80628264,0.76846468
2025-06-04,0.05621774,0.07502512,7.42206078%,0.52227721,0.81365903,0.77033358
2025-06-05,0.05754980,0.07006424,7.32580999%,0.53082666,0.82206944,0.77950342
2025-06-06,0.10464554,0.12400371,18.81843164%,0.53695350,0.64928264,0.75373196
2025-06-07,0.04767380,0.05739387,8.69966424%,0.53289643,0.65028819,0.66998323
2025-06-08,0.09754281,0.11437497,12.32834297%,0.52281737,0.79707917,0.70607361
2025-06-09,0.06158771,0.07588680,7.92316156%,0.54197241,0.81925625,0.77260941
2025-06-10,0.04730304,0.05850549,6.23350578%,0.54906174,0.81681806,0.78957323
2025-06-11,0.05830854,0.07688437,7.34338816%,0.55279150,0.83169653,0.79172936
2025-06-12,0.04711529,0.05822000,6.71224369%,0.56186800,0.82198333,0.80509204
2025-06-13,0.12933437,0.14867985,23.24646188%,0.56305651,0.64002917,0.76892917
2025-06-14,0.05582188,0.07235306,9.99105520%,0.55388895,0.63686736,0.67366075
2025-06-15,0.12260660,0.14582450,14.67308778%,0.55598499,0.81782708,0.69924399
2025-06-16,0.04655493,0.05994153,6.51360124%,0.55468464,0.82324167,0.79521346
2025-06-17,0.05506666,0.07368041,7.01185984%,0.56147687,0.82862639,0.80019442
2025-06-18,0.03897060,0.05013351,5.19979358%,0.56941677,0.82005000,0.80821603
2025-06-19,0.03627172,0.04875987,5.12880422%,0.57146634,0.80791042,0.80350628
2025-06-20,0.14518880,0.16406237,26.75317245%,0.56998799,0.62130694,0.76592085
2025-06-21,0.06449835,0.08397023,14.56572999%,0.56870558,0.60952569,0.66404553
2025-06-22,0.12771769,0.15072707,15.82654554%,0.57116014,0.80749167,0.68360916
2025-06-23,0.04074524,0.05127082,5.76784244%,0.56199391,0.80487222,0.79151542
2025-06-24,0.06419728,0.08453004,8.04886294%,0.56053364,0.84053472,0.79085084
2025-06-25,0.04078766,0.05085947,5.93575462%,0.56392113,0.81634653,0.81569946
2025-06-26,0.04438477,0.05458046,6.37823800%,0.56279160,0.80597431,0.80100006
2025-06-27,0.15949717,0.18158896,32.78456617%,0.55994897,0.60512014,0.76461730
2025-06-28,0.04202440,0.05492539,9.63551096%,0.57033262,0.62298889,0.65265709
2025-06-29,0.12402624,0.14333145,15.57664528%,0.57153187,0.81182708,0.69326518
2025-06-30,0.05047130,0.06567179,6.71895647%,0.58537542,0.81018819,0.79459475
2025-07-01,0.10188881,0.13888900,10.60914343%,0.57951435,0.89076181,0.79808598
2025-07-02,0.05646853,0.06947240,7.00942553%,0.58591917,0.87532153,0.84957663
2025-07-03,0.07021030,0.09530071,7.40864684%,0.58980008,0.90143611,0.84268812
2025-07-04,0.14508958,0.18135037,33.27090525%,0.60175889,0.69030833,0.83205000
2025-07-05,0.05117842,0.06168994,9.92606234%,0.59449824,0.68431875,0.71285148
2025-07-06,0.16129335,0.18555468,17.70951824%,0.60375616,0.89867083,0.73737749
2025-07-07,0.04792319,0.06071954,6.01413814%,0.58710478,0.87739028,0.86023328
2025-07-08,0.05630672,0.07118560,6.74595459%,0.58925125,0.88360347,0.85837450
2025-07-09,0.05305502,0.06449728,6.51981402%,0.59528757,0.87917708,0.85742025
2025-07-10,0.05127516,0.06353588,6.34683201%,0.59461260,0.87750764,0.85958896
2025-07-11,0.12129139,0.14684503,20.09728926%,0.59810882,0.70694653,0.82468491
2025-07-12,0.05574702,0.07032698,11.03315498%,0.60682698,0.69428194,0.73126804
2025-07-13,0.10426479,0.12346151,12.20555280%,0.60967132,0.85428750,0.75482970
2025-07-14,0.05560311,0.06812951,6.79162270%,0.62145800,0.87221528,0.83939022
2025-07-15,0.04914539,0.06376363,6.55392270%,0.62477911,0.87210833,0.85992278
2025-07-16,0.04471577,0.05689882,5.47210423%,0.62316322,0.87580208,0.85632823
2025-07-17,0.05343807,0.06575031,7.25442199%,0.62770638,0.87482083,0.86241640
2025-07-18,0.13687206,0.15325854,22.93403227%,0.63295558,0.69420278,0.83083472
2025-07-19,0.05877858,0.07322919,13.14222295%,0.63033013,0.68029931,0.72312341
2025-07-20,0.12872551,0.14857699,15.53039157%,0.62866080,0.86761250,0.74258685
2025-07-21,0.04783360,0.05883955,5.97678870%,0.64068875,0.87917917,0.85375583
2025-07-22,0.04730615,0.05989005,6.22813058%,0.64402143,0.87513333,0.86591154
2025-07-23,0.04844356,0.05953532,6.37488813%,0.64269552,0.87558403,0.86211100
2025-07-24,0.04701284,0.05930135,5.99623985%,0.64583917,0.87744583,0.86458471
2025-07-25,0.15971599,0.18200089,31.37259528%,0.64933389,0.67696875,0.83550449
2025-07-26,0.05104152,0.06432161,8.70088962%,0.64659971,0.68800903,0.70985763
2025-07-27,0.13053641,0.15245604,14.73542864%,0.64722162,0.87713125,0.74751788
2025-07-28,0.05338451,0.06614550,6.83399396%,0.65179676,0.88623681,0.86329779
2025-07-29,0.04658313,0.05972105,5.70982116%,0.65540783,0.88462778,0.87149795
2025-07-30,0.04306813,0.05432481,5.64665217%,0.65135627,0.87969653,0.87066446
2025-07-31,0.04925998,0.06343998,6.31346647%,0.64448036,0.88143125,0.86850318
2025-08-01,0.17189837,0.19989368,33.25599331%,0.63355162,0.66639722,0.83694011
2025-08-02,0.05735810,0.07179928,13.72053326%,0.64866283,0.66218750,0.70371033
2025-08-03,0.10937520,0.12988420,13.68890296%,0.65663459,0.83336875,0.72825240
2025-08-04,0.04686994,0.05780421,6.39730406%,0.65224390,0.84478472,0.83105483
2025-08-05,0.04557831,0.05678299,6.40104639%,0.64871619,0.84459583,0.83867768
2025-08-06,0.04904635,0.06159510,6.11082695%,0.64437208,0.85774861,0.83888892
2025-08-07,0.05038117,0.06297272,7.23062872%,0.64042638,0.84110486,0.84944714
2025-08-08,0.16552092,0.18604678,39.15146960%,0.63698102,0.63795208,0.80303603
2025-08-09,0.05664530,0.07083378,10.78332366%,0.65000905,0.65297500,0.67800400
2025-08-10,0.13501055,0.15551741,16.47077617%,0.65378521,0.84869097,0.71567209
2025-08-11,0.04441755,0.05614349,6.29187261%,0.63258125,0.83962986,0.83699723
2025-08-12,0.05087119,0.06768418,6.36212672%,0.62748263,0.85737083,0.83011958
2025-08-13,0.04483869,0.05613315,5.88626384%,0.62779173,0.85316528,0.84484815
2025-08-14,0.04678821,0.06042545,6.46163679%,0.62712277,0.85012014,0.84101727
2025-08-15,0.15620328,0.17886068,34.34935429%,0.62632475,0.65121528,0.80554405
2025-08-16,0.05643378,0.07165084,13.64820531%,0.63026540,0.64734097,0.68905697
2025-08-17,0.12984375,0.15213562,15.90797671%,0.63300063,0.83990000,0.71405186
2025-08-18,0.04803744,0.06189303,6.09502590%,0.62678824,0.84756111,0.82704956
2025-08-19,0.03804841,0.04709067,5.05209369%,0.62834331,0.84291528,0.83524294
2025-08-20,0.05762707,0.07160433,7.15227812%,0.62601161,0.86634861,0.83226998
2025-08-21,0.04225130,0.05408071,5.55133340%,0.62916685,0.84720694,0.84906733
2025-08-22,0.14320808,0.16362873,30.71872232%,0.62757306,0.66047083,0.80260448
2025-08-23,0.05025957,0.06454926,11.50084908%,0.63226548,0.65919653,0.69348881
2025-08-24,0.12033617,0.14136349,14.78284027%,0.63373083,0.84102153,0.72175739
2025-08-25,0.05342568,0.07293537,6.86162396%,0.63660894,0.86015694,0.82825482
2025-08-26,0.04441286,0.05466517,6.69541652%,0.63665193,0.84441806,0.84314716
2025-08-27,0.04994964,0.06085284,6.72155531%,0.63444225,0.85338750,0.83522154
2025-08-28,0.05407318,0.07640437,7.01199314%,0.63702463,0.86350486,0.83916882
2025-08-29,0.15224702,0.17649289,30.16829131%,0.63680850,0.66450764,0.81557039
2025-08-30,0.06136624,0.07839814,13.91173891%,0.63074506,0.65466250,0.69665990
2025-08-31,0.13486701,0.15959599,16.59168649%,0.62687721,0.84653889,0.71903129
2025-09-01,0.09232275,0.12575339,12.25779683%,0.62037109,0.75173264,0.83293934
2025-09-02,0.04316029,0.05333029,6.81330688%,0.60555910,0.75399306,0.76582498
2025-09-03,0.04869662,0.06331798,6.97023927%,0.60490736,0.76099444,0.76913572
2025-09-04,0.05292569,0.06660638,8.22148830%,0.60376700,0.75699792,0.77168811
2025-09-05,0.17607210,0.19783801,38.74616390%,0.60563246,0.55864028,0.73471238
2025-09-06,0.06084040,0.07668464,17.89858204%,0.61862724,0.56571111,0.61551995
2025-09-07,0.11706158,0.14151623,16.14682496%,0.62586117,0.75931389,0.64739170
2025-09-08,0.05672074,0.06732901,8.22832804%,0.61962703,0.77352361,0.75117639
2025-09-09,0.04354262,0.05537924,7.11482329%,0.61998438,0.75188333,0.76599458
2025-09-10,0.05306857,0.06976775,7.63726137%,0.61494992,0.78182361,0.75318071
2025-09-11,0.04574501,0.05892957,7.66080707%,0.61197467,0.75306389,0.77278427
2025-09-12,0.14531162,0.16369639,33.02007511%,0.60539757,0.57508542,0.71992427
2025-09-13,0.05883985,0.07755891,23.78109917%,0.61610250,0.56651597,0.61756039
2025-09-14,0.13721541,0.16271544,18.44311505%,0.61749639,0.77590625,0.64036438
2025-09-15,0.04134405,0.05365641,6.65747864%,0.60633147,0.76172639,0.75888978
2025-09-16,0.05023215,0.06534253,7.69267836%,0.60045181,0.77794653,0.74949412
2025-09-17,0.04349887,0.05515506,6.71050448%,0.60166266,0.77805486,0.76649884
2025-09-18,0.04365133,0.05650296,6.68164738%,0.59667488,0.76982569,0.76253424
2025-09-19,0.13516463,0.15270766,26.52434583%,0.59669525,0.59325208,0.72763182
2025-09-20,0.05492871,0.06545671,14.47699465%,0.59430296,0.58746111,0.62814054
2025-09-21,0.12128350,0.13902430,16.42450141%,0.59324373,0.77384931,0.65586286
2025-09-22,0.04217134,0.05374677,5.60484750%,0.59195683,0.78216597,0.75442402
2025-09-23,0.04846902,0.06168466,6.71919925%,0.58870376,0.78175208,0.76317720
2025-09-24,0.04090130,0.05140431,6.11528529%,0.58900174,0.77610972,0.76600752
2025-09-25,0.04394902,0.05602061,6.34517195%,0.58412067,0.77760764,0.76038244
2025-09-26,0.13976444,0.15487585,28.71818983%,0.58208269,0.59281389,0.73235702
2025-09-27,0.05176011,0.06879801,10.56334427%,0.59036667,0.59968403,0.62788318
2025-09-28,0.12663534,0.14962314,16.08162679%,0.58329172,0.78938819,0.66359295
2025-09-29,0.04610478,0.06004621,6.41320441%,0.58714574,0.78775833,0.76606772
2025-09-30,0.05042250,0.06183555,7.44609221%,0.60565583,0.79382431,0.76917748
2025-10-01,0.06100463,0.07928136,10.85507941%,0.60778133,0.73815556,0.77534599
2025-10-02,0.03432905,0.04509130,5.29841753%,0.59853888,0.74197222,0.73745890
2025-10-03,0.15169017,0.17104138,40.76456780%,0.59391267,0.55796458,0.70934053
2025-10-04,0.04571091,0.05653020,9.68794424%,0.57920526,0.58583056,0.60715996
2025-10-05,0.10048949,0.11501792,13.92728408%,0.55883572,0.75256111,0.65624712
2025-10-06,0.05008072,0.06204785,7.46173861%,0.57933402,0.76848958,0.74119782
2025-10-07,0.04243494,0.05460740,6.16651227%,0.57980940,0.76575347,0.75358307
2025-10-08,0.04169834,0.05291741,6.06860786%,0.58272850,0.76068542,0.74813403
2025-10-09,0.03994759,0.05066858,6.33634631%,0.58370349,0.75780347,0.74882099
2025-10-10,0.15733173,0.17849364,47.50105027%,0.58807389,0.55953194,0.71677087
2025-10-11,0.04824363,0.05672724,10.33957999%,0.57445652,0.58455139,0.60856325
2025-10-12,0.12060094,0.14072058,16.20360231%,0.55893564,0.76634375,0.65157341
2025-10-13,0.04331855,0.05314060,6.42607902%,0.57972003,0.76465139,0.74929105
2025-10-14,0.04264437,0.05506962,6.19894680%,0.58431281,0.77306667,0.74956980
2025-10-15,0.04568941,0.05863550,6.56942482%,0.58536975,0.77605556,0.75340356
2025-10-16,0.04567970,0.05929576,6.54417142%,0.58819936,0.78222083,0.75881357
2025-10-17,0.14329143,0.16611130,29.82993128%,0.59023608,0.58880625,0.73173109
2025-10-18,0.05506323,0.06817703,12.70232440%,0.57841593,0.58306806,0.62833112
2025-10-19,0.14224288,0.16362309,17.91246799%,0.58039176,0.78936042,0.64954453
2025-10-20,0.04787386,0.06171161,6.54003268%,0.57090217,0.78712708,0.76413155
2025-10-21,0.04579980,0.05995025,6.34581920%,0.57185700,0.79530625,0.76542276
2025-10-22,0.04294932,0.05491400,6.16415266%,0.57360822,0.79295069,0.77116408
2025-10-23,0.04135729,0.05249693,6.26793643%,0.57963739,0.78133611,0.77333746
2025-10-24,0.13743544,0.15396489,29.41927971%,0.57851735,0.59635833,0.73379378
2025-10-25,0.05176352,0.06553635,12.41930320%,0.57714988,0.59850903,0.63434761
2025-10-26,0.12521534,0.14484282,16.17892169%,0.58025819,0.78733056,0.66438636
2025-10-27,0.04804064,0.05948618,7.18431761%,0.58399871,0.78289583,0.76648757
2025-10-28,0.04619721,0.05949301,6.60368696%,0.58209460,0.79306667,0.76644743
2025-10-29,0.05125814,0.06727686,7.04002208%,0.57991158,0.80695694,0.77317390
2025-10-30,0.04102168,0.05114005,5.98644525%,0.59479781,0.79196042,0.78509930
2025-10-31,0.12713660,0.14299959,24.24225704%,0.59621842,0.61773264,0.74485809
2025-11-01,0.05935752,0.07051828,12.70482609%,0.58094131,0.60460347,0.65055929
2025-11-02,0.13210385,0.15286457,16.54840051%,0.58535617,0.80224444,0.67058224
2025-11-03,0.04928157,0.06531354,6.81410641%,0.57730542,0.80547083,0.77848295
2025-11-04,0.04317975,0.05646548,6.44055326%,0.58212179,0.79758264,0.78472361
2025-11-05,0.04278994,0.05489142,5.66513174%,0.58185903,0.80895556,0.78180375
2025-11-06,0.04691006,0.06107694,6.19945701%,0.58504668,0.81506736,0.78869970
2025-11-07,0.14994391,0.17165632,30.36992363%,0.59106065,0.61553403,0.76474040
2025-11-08,0.05064590,0.06435308,9.98248566%,0.57709336,0.61734097,0.65204910
2025-11-09,0.13033822,0.15063925,15.98436946%,0.58040682,0.81031736,0.68350955
2025-11-10,0.04992781,0.06181569,7.42689029%,0.57874155,0.81897292,0.78787909
2025-11-11,0.04342569,0.05625085,6.14681130%,0.58289831,0.81385903,0.79602944
2025-11-12,0.03975695,0.04775088,5.77317112%,0.58437337,0.81239514,0.79643032
2025-11-13,0.04332916,0.05571786,5.96709918%,0.58293326,0.81853611,0.79582619
2025-11-14,0.13982276,0.15751546,25.42455090%,0.58240284,0.62907847,0.76878634
2025-11-15,0.05046113,0.06220485,10.22936589%,0.58582188,0.62876806,0.66353068
2025-11-16,0.12903586,0.15342437,15.08534648%,0.58402176,0.82057986,0.69399935
2025-11-17,0.04096479,0.05144649,5.81408808%,0.58964170,0.81585486,0.79951558
2025-11-18,0.04947675,0.06503662,6.83146377%,0.58819655,0.82191250,0.79729649
2025-11-19,0.04619229,0.05641763,6.36686462%,0.58522474,0.82901389,0.80383951
2025-11-20,0.04473512,0.05480477,6.19675589%,0.58425982,0.82117917,0.81022570
2025-11-21,0.14127238,0.15984112,25.55999336%,0.58468457,0.63263403,0.77390640
2025-11-22,0.04848474,0.05975525,10.14848544%,0.58231740,0.63667500,0.66950258
2025-11-23,0.12601597,0.14591533,15.18503151%,0.57921086,0.82649444,0.70233190
2025-11-24,0.04553177,0.05875457,6.16054964%,0.57816284,0.82105069,0.80469282
2025-11-25,0.04240607,0.05428377,5.70803985%,0.57561903,0.82412431,0.80328988
2025-11-26,0.05240095,0.06646851,7.23891539%,0.57383047,0.82993403,0.80775456
2025-11-27,0.03873160,0.05050770,5.31099275%,0.57242329,0.82856389,0.81202015
2025-11-28,0.14677000,0.16486983,26.82014791%,0.57446314,0.63402431,0.78057537
2025-11-29,0.04647953,0.05919435,8.32837561%,0.57034101,0.65043819,0.67446834
2025-11-30,0.12811654,0.14859367,14.98534802%,0.56558115,0.83959931,0.71473187
2025-12-01,0.10080623,0.13985554,10.48807519%,0.57102747,0.90760556,0.81471036
2025-12-02,0.06163938,0.07954849,6.96652571%,0.58889128,0.91531389,0.86447099
2025-12-03,0.05499619,0.06982434,6.34837450%,0.61550296,0.91203264,0.87762325
2025-12-04,0.04929969,0.06513714,5.68607028%,0.62947652,0.90508542,0.87929240
2025-12-05,0.12775173,0.14655145,21.66293918%,0.63792042,0.71717708,0.84486337
2025-12-06,0.04442284,0.05703096,6.70882038%,0.63559441,0.72719653,0.73566360
2025-12-07,0.14003237,0.16240148,15.16147687%,0.63376349,0.91010833,0.77269672
2025-12-08,0.04655463,0.05769524,5.75938048%,0.65407173,0.90851528,0.88873199
2025-12-09,0.04459191,0.05626514,5.34387275%,0.65689038,0.90577708,0.88709355
2025-12-10,0.05117317,0.06666997,6.14113174%,0.66034306,0.91615903,0.88689283
2025-12-11,0.03758496,0.04783158,5.07657717%,0.66847451,0.89763403,0.89615333
2025-12-12,0.12920168,0.14705774,20.32063661%,0.66878215,0.72377986,0.85179277
2025-12-13,0.04443119,0.05615467,7.81448103%,0.67259205,0.72969653,0.74654630
2025-12-14,0.14193630,0.16578051,14.87958007%,0.67179018,0.92073750,0.77989827
2025-12-15,0.03822946,0.04707816,4.97741912%,0.68073444,0.91444028,0.90342958
2025-12-16,0.03821449,0.04742760,4.64583595%,0.68285457,0.91091389,0.89895197
2025-12-17,0.03926089,0.04748609,5.01113826%,0.68522432,0.90880972,0.89873702
2025-12-18,0.04427253,0.05542260,5.65803018%,0.68617389,0.90947778,0.89558338
2025-12-19,0.14362490,0.16266480,22.44847748%,0.68966147,0.72509444,0.86765306
2025-12-20,0.04612237,0.05773146,7.92954299%,0.69061738,0.71897083,0.75001608
2025-12-21,0.13767973,0.15929991,15.02939327%,0.69549412,0.91007639,0.77406816
2025-12-22,0.03998942,0.05138375,5.07132817%,0.69461738,0.91928542,0.89806426
2025-12-23,0.04184460,0.05198234,5.22500777%,0.69882762,0.91268889,0.90599995
2025-12-24,0.03705615,0.04743065,4.88816444%,0.70122761,0.90826528,0.90270790
2025-12-25,0.04200743,0.05548841,5.67946293%,0.70085256,0.91025208,0.89909788
2025-12-26,0.14775535,0.16882754,23.26969841%,0.70294765,0.72377500,0.87082336
2025-12-27,0.04988071,0.06160387,9.53269809%,0.70735427,0.72122778,0.74779516
2025-12-28,0.13209487,0.15082460,14.88002776%,0.71272333,0.90589167,0.77558285
2025-12-29,0.03518059,0.04708723,4.25783490%,0.71071187,0.90653125,0.89751636
2025-12-30,0.04014301,0.05128903,5.25055788%,0.69606890,0.90045833,0.89635694
2025-12-31,0.04412250,0.05505202,5.62185292%,0.68323490,0.91024375,0.89227119
