日期,计划购电量(kWh),计划购电费(元),紧急购电量(kWh),紧急购电费(元),总购电费(元),计划弃光量(kWh),真实弃光量(kWh),安全裕度合计(kWh),0:00储电量(kWh),24:00储电量(kWh),负荷预测MAE(kW),光伏预测MAE(kW)
2025-01-01,62282.849736,36246.832109,36779.034806,147682.190164,183929.022273,0.000000,272.098865,0.000000,6000.000000,8550.000000,703.111201,843.566379
2025-01-02,64716.571489,38129.607437,32568.704375,131123.349247,169252.956683,0.000000,263.482620,0.000000,8550.000000,8550.000000,622.892942,749.833422
2025-01-03,70116.079958,41806.992360,324.453213,1270.245735,43077.238096,0.000000,20716.529824,0.000000,8550.000000,8550.000000,1410.123358,560.453555
2025-01-04,68112.379695,40131.172899,189.208678,718.922138,40850.095037,0.000000,19322.636482,0.000000,8550.000000,8550.000000,1211.312486,411.822737
2025-01-05,65863.524557,38286.145062,29463.821994,121224.300815,159510.445876,0.000000,85.562067,0.000000,8550.000000,8550.000000,905.386482,325.837899
2025-01-06,71632.965485,42328.525519,23458.469582,97183.525103,139512.050622,0.000000,18.026045,0.000000,8550.000000,8550.000000,735.128081,243.962177
2025-01-07,77408.604837,46696.769671,19823.422420,80541.291331,127238.061002,0.000000,180.755042,0.000000,8550.000000,8550.000000,630.549539,205.250540
2025-01-08,119590.576425,79757.569281,51.155388,183.514797,79941.084078,0.000000,25104.929943,33218.906089,8550.000000,8550.000000,446.973799,85.298574
2025-01-09,120010.277384,80192.973313,85.738621,185.458707,80378.432020,0.000000,23993.227518,32031.669111,8550.000000,8550.000000,403.632435,65.847277
2025-01-10,112811.080205,74372.281934,0.000000,0.000000,74372.281934,0.000000,62400.821063,30842.010860,8550.000000,8550.000000,1320.694172,65.281767
2025-01-11,106960.233212,69708.076956,29.168117,62.361435,69770.438391,0.000000,57246.848046,29603.423100,8550.000000,8550.000000,1133.178964,59.524499
2025-01-12,108283.562848,70812.431185,706.476030,3053.511441,73865.942626,0.000000,13247.483811,28370.960198,8550.000000,8550.000000,640.725565,57.141579
2025-01-13,109645.092471,71972.609593,508.611978,2126.582648,74099.192240,0.000000,17003.080816,27670.394944,8550.000000,8550.000000,585.492044,113.176882
2025-01-14,110423.273274,72584.082834,188.782488,629.391385,73213.474219,0.000000,16455.076162,26897.439926,8550.000000,8550.000000,525.142919,72.918139
2025-01-15,111348.035008,73431.750696,101.550432,576.666441,74008.417137,0.000000,16502.575840,26027.443255,8550.000000,8550.000000,443.051466,56.454114
2025-01-16,111829.810330,73862.882475,64.875339,138.669321,74001.551795,0.000000,17943.867552,25105.685484,8550.000000,8550.000000,397.737685,92.376411
2025-01-17,104180.749453,67652.116359,0.000000,0.000000,67652.116359,0.000000,56634.405380,24162.694952,8550.000000,8550.000000,1284.252140,83.601518
2025-01-18,99478.599743,63842.473805,52.344057,111.911594,63954.385399,0.000000,51490.015375,23228.357513,8550.000000,8550.000000,1134.459399,88.980329
2025-01-19,102680.682952,66316.917859,445.687939,2123.318264,68440.236123,0.000000,9595.344699,22296.851163,8550.000000,8550.000000,584.659366,60.556820
2025-01-20,103106.401573,66664.091075,162.439387,703.222429,67367.313504,0.000000,10339.468666,21531.478809,8550.000000,8550.000000,543.144296,81.795861
2025-01-21,103703.727472,67164.814402,58.217136,154.221345,67319.035747,0.000000,15409.373258,20700.017463,8550.000000,8550.000000,457.705417,212.845280
2025-01-22,103700.848493,67188.486221,172.321523,711.452979,67899.939199,0.000000,10097.738983,19820.688198,8550.000000,8550.000000,438.979938,69.636848
2025-01-23,104198.605304,67630.607297,27.358615,72.628893,67703.236189,0.000000,9783.371652,19242.117987,8550.000000,8550.000000,395.733400,63.331599
2025-01-24,96546.327864,61443.103979,0.000000,0.000000,61443.103979,0.000000,51921.336710,18605.327081,8550.000000,8550.000000,1273.633149,118.286086
2025-01-25,92668.372132,58400.977150,0.000000,0.000000,58400.977150,0.000000,49481.442380,17959.180159,8550.000000,8550.000000,1135.069217,180.156827
2025-01-26,96537.230419,61547.671297,576.106294,2084.421573,63632.092870,0.000000,4613.584150,17313.033237,8550.000000,8550.000000,582.946658,96.786524
2025-01-27,97390.702765,62258.832526,236.547711,782.097334,63040.929861,0.000000,8624.357636,16942.266146,8550.000000,8550.000000,490.689084,135.793793
2025-01-28,97746.550841,62576.759748,163.599788,465.636184,63042.395933,0.000000,6123.604952,16688.775126,8550.000000,8550.000000,501.531656,79.588357
2025-01-29,99105.833014,63594.177032,46.393946,129.711893,63723.888925,0.000000,12942.014436,16425.802591,8550.000000,8550.000000,396.181892,227.371398
2025-01-30,98269.858166,62988.441461,63.618723,271.368675,63259.810136,0.000000,9785.318617,15114.904468,8550.000000,8550.000000,409.549062,139.585480
2025-01-31,89578.336448,56089.073202,0.000000,0.000000,56089.073202,0.000000,46095.680065,14248.490961,8550.000000,8550.000000,1257.396697,90.472130
2025-02-01,86462.569614,53661.324483,0.000000,0.000000,53661.324483,0.000000,47409.109184,14235.820665,8550.000000,8550.000000,1297.746726,88.284291
2025-02-02,91492.947505,57629.824350,79.910836,485.722662,58115.547012,0.000000,8498.247057,14235.820665,8550.000000,8550.000000,421.738463,149.091981
2025-02-03,91088.577771,57475.902830,153.234775,524.432468,58000.335298,0.000000,6306.562712,13388.426342,8550.000000,8550.000000,428.153454,113.462295
2025-02-04,91062.614371,57464.760450,267.118122,1011.097323,58475.857773,0.000000,5416.535209,12688.511149,8550.000000,8550.000000,346.988334,68.979490
2025-02-05,91018.943855,57509.782634,261.053877,804.072903,58313.855537,0.000000,5813.237415,12135.094681,8550.000000,8550.000000,337.341257,95.580604
2025-02-06,91848.466461,58196.718108,45.827654,101.117449,58297.835558,0.000000,6904.903566,12055.338942,8550.000000,8550.000000,349.137477,76.011468
2025-02-07,84140.717738,52160.537836,0.000000,0.000000,52160.537836,0.000000,47745.190135,11888.206795,8550.000000,8550.000000,1341.496163,190.448210
2025-02-08,80159.557853,49234.929297,0.000000,0.000000,49234.929297,0.000000,44159.444429,11888.206795,8550.000000,8550.000000,1221.050459,135.827794
2025-02-09,85093.343797,53003.047611,1479.356640,5138.769610,58141.817221,0.000000,2382.551735,11883.318566,8550.000000,8550.000000,496.150735,113.251237
2025-02-10,85873.967702,53630.929450,187.514359,692.090342,54323.019792,0.000000,7095.236912,11538.901062,8550.000000,8550.000000,442.720994,232.067251
2025-02-11,86242.444013,53951.418760,83.628162,390.474840,54341.893600,0.000000,6462.691316,11297.754977,8550.000000,8550.000000,420.027657,180.843929
2025-02-12,86157.732768,53907.615376,113.552307,454.336912,54361.952288,0.000000,6376.057324,11001.363788,8550.000000,8550.000000,385.492492,148.011480
2025-02-13,86459.408600,54186.961200,157.779646,371.632280,54558.593480,0.000000,10660.863453,10762.496305,8550.000000,8550.000000,359.742362,297.640028
2025-02-14,78025.978382,47759.925104,0.000000,0.000000,47759.925104,0.000000,43822.295451,10618.234860,8550.000000,8550.000000,1284.004193,141.369904
2025-02-15,74771.816014,45245.488271,0.000000,0.000000,45245.488271,0.000000,41067.721111,10618.234860,8550.000000,8550.000000,1149.469905,133.475495
2025-02-16,79861.897659,49208.913660,1814.746580,7248.579854,56457.493514,0.000000,1897.598473,10615.989420,8550.000000,8550.000000,530.702896,136.507058
2025-02-17,80251.009411,49521.452553,500.619186,2076.512506,51597.965059,0.000000,5166.098763,10459.613049,8550.000000,8550.000000,483.502055,214.576749
2025-02-18,80725.163783,49914.723090,190.141841,838.440595,50753.163685,0.000000,4422.251175,10179.591397,8550.000000,8550.000000,451.876125,181.604543
2025-02-19,81284.464726,50412.418133,588.098018,1931.581150,52343.999283,0.000000,4591.568694,10120.999556,8550.000000,8550.000000,431.479803,156.780004
2025-02-20,81374.800534,50518.182852,384.565116,1466.569308,51984.752161,0.000000,6364.565251,9906.545050,8550.000000,8550.000000,384.522599,189.119998
2025-02-21,73550.510545,44506.509828,0.000000,0.000000,44506.509828,0.000000,43626.696244,9566.888778,8550.000000,8550.000000,1250.356690,168.801955
2025-02-22,70084.363689,42012.824318,37.229712,79.597123,42092.421441,0.000000,38062.100423,9566.888778,8550.000000,8550.000000,1138.875754,67.319178
2025-02-23,75740.923061,46195.497217,2051.263213,7960.546206,54156.043423,0.000000,1862.804379,9568.028601,8550.000000,8550.000000,550.097623,164.837845
2025-02-24,75663.670280,46208.248660,749.672004,3255.126571,49463.375230,0.000000,3825.107841,9342.098587,8550.000000,8550.000000,483.477241,209.830592
2025-02-25,76297.324332,46773.920762,456.155941,1602.903701,48376.824463,0.000000,6545.364282,9151.174494,8550.000000,8550.000000,458.057605,317.940715
2025-02-26,76141.819873,46759.634953,782.057096,2829.353109,49588.988062,0.000000,3747.256771,8699.686001,8550.000000,8550.000000,427.275923,165.469160
2025-02-27,76398.392231,46934.073582,292.394153,1310.901043,48244.974625,0.000000,5373.056244,8873.595549,8550.000000,8550.000000,397.712221,193.838829
2025-02-28,69103.357263,41678.622359,0.000000,0.000000,41678.622359,0.000000,41664.078588,8886.772947,8550.000000,8550.000000,1242.687770,151.109175
2025-03-01,65917.150549,39304.478803,0.000000,0.000000,39304.478803,0.000000,38164.673925,8886.772947,8550.000000,8550.000000,1255.300559,126.241464
2025-03-02,71161.790771,43119.403174,6901.694655,26718.695624,69838.098799,0.000000,1480.532335,8885.681370,8550.000000,8550.000000,469.898975,224.052494
2025-03-03,72439.735541,44054.208286,5385.024641,22063.934539,66118.142825,0.000000,1524.778550,9305.679823,8550.000000,8550.000000,445.305741,171.078779
2025-03-04,73710.688628,44972.588469,1854.039397,6468.867445,51441.455914,0.000000,2012.269144,9650.104859,8550.000000,8550.000000,408.720326,92.595027
2025-03-05,75114.095666,45966.489787,736.280808,3175.542770,49142.032557,0.000000,5347.745983,9841.325104,8550.000000,8550.000000,378.467703,154.074122
2025-03-06,75187.458323,46140.082478,460.661412,1886.819073,48026.901550,0.000000,5323.029723,9689.217134,8550.000000,8550.000000,337.373219,94.824453
2025-03-07,67598.313252,40525.808073,0.000000,0.000000,40525.808073,0.000000,42539.080107,9665.889407,8550.000000,8550.000000,1336.620731,111.153151
2025-03-08,64638.450782,38384.098994,0.000000,0.000000,38384.098994,0.000000,41460.350766,9665.889407,8550.000000,8550.000000,1173.990518,152.436056
2025-03-09,69990.945712,42305.791464,947.393159,3818.371197,46124.162661,0.000000,3432.073505,9665.889407,8550.000000,8550.000000,518.960735,202.335903
2025-03-10,70105.510738,42527.934461,3652.360356,11877.674698,54405.609159,0.000000,1547.360990,9429.297941,8550.000000,8550.000000,479.103314,145.031920
2025-03-11,71493.662258,43490.021645,788.670097,3055.659281,46545.680926,0.000000,4162.849400,9910.809387,8550.000000,8550.000000,422.628685,144.173741
2025-03-12,72047.704462,43868.425894,303.299661,867.392630,44735.818525,0.000000,5730.309524,10132.910132,8550.000000,8550.000000,402.688410,191.009651
2025-03-13,72337.822734,44149.334245,3107.267803,11010.786849,55160.121095,0.000000,3715.906767,10125.224695,8550.000000,8550.000000,391.490597,215.821455
2025-03-14,66060.296542,39403.500106,0.000000,0.000000,39403.500106,0.000000,45915.869893,10558.708699,8550.000000,8550.000000,1269.319516,214.162999
2025-03-15,62681.441521,37038.862807,30.029654,64.203401,37103.066208,0.000000,37698.279492,10558.708699,8550.000000,8550.000000,1126.398967,193.280693
2025-03-16,67702.192294,40563.008440,2366.013314,9685.826036,50248.834476,0.000000,2581.911217,10559.136840,8550.000000,8550.000000,559.927017,147.184677
2025-03-17,68852.462696,41397.133374,419.962484,1746.984883,43144.118258,0.000000,7261.819993,10407.058080,8550.000000,8550.000000,507.612284,333.078482
2025-03-18,68706.922133,41404.115952,688.096552,3180.063111,44584.179063,0.000000,4126.254783,10381.825617,8550.000000,8550.000000,444.013860,142.328771
2025-03-19,69352.207870,41936.010705,253.921510,999.361318,42935.372023,0.000000,5996.478460,10509.227038,8550.000000,8550.000000,408.667288,196.121470
2025-03-20,70393.383070,42714.890749,279.145891,985.937715,43700.828464,0.000000,4301.650176,10524.974579,8550.000000,8550.000000,402.125936,107.289389
2025-03-21,62574.140449,37129.983325,0.000000,0.000000,37129.983325,0.000000,46452.853873,10524.623093,8550.000000,8550.000000,1222.503263,274.506353
2025-03-22,59412.224117,34954.007650,32.292023,69.040345,35023.047995,0.000000,39560.585115,10524.623093,8550.000000,8550.000000,1139.956403,106.449137
2025-03-23,64627.771259,38630.085477,1770.716841,7226.914697,45857.000173,0.000000,3528.067602,10524.623093,8550.000000,8550.000000,562.516275,219.391268
2025-03-24,65012.082974,38902.750031,933.924922,3408.558851,42311.308882,0.000000,3849.379450,10533.491702,8550.000000,8550.000000,501.383507,184.378340
2025-03-25,65843.319802,39512.338533,2030.926071,8284.172239,47796.510772,0.000000,2815.980744,10599.681110,8550.000000,8550.000000,492.405340,147.528790
2025-03-26,66762.580694,40135.844238,259.333910,868.262973,41004.107211,0.000000,7315.809618,10947.723913,8550.000000,8550.000000,432.424786,252.055048
2025-03-27,67716.052351,40860.544807,476.437443,1481.203199,42341.748006,0.000000,5353.968147,10939.327031,8550.000000,8550.000000,427.131160,145.137906
2025-03-28,59722.801082,35382.216230,0.000000,0.000000,35382.216230,0.000000,44909.154374,10996.820130,8550.000000,8550.000000,1243.407975,179.027204
2025-03-29,57047.116868,33665.604994,20.105451,42.985454,33708.590448,0.000000,45482.218272,10996.820130,8550.000000,8550.000000,1118.904107,322.597351
2025-03-30,61596.332080,36675.544373,1260.620906,4964.589880,41640.134253,0.000000,3437.514043,11000.354257,8550.000000,8550.000000,583.222161,213.892037
2025-03-31,61934.215305,36990.787787,2182.316798,8842.570183,45833.357971,0.000000,3090.638147,10709.565480,8550.000000,8550.000000,501.882187,181.503911
2025-04-01,63017.146001,37745.921658,3689.465664,11330.123071,49076.044729,0.000000,2415.542228,10461.943010,8550.000000,8550.000000,490.130821,222.653378
2025-04-02,63376.804686,37920.435764,4085.258368,16240.027202,54160.462966,0.000000,2945.110613,10569.799297,8550.000000,8550.000000,444.380198,253.855603
2025-04-03,65573.595017,39320.756143,492.080325,2042.897120,41363.653263,0.000000,6107.898049,11014.529129,8550.000000,8550.000000,423.477844,182.905078
2025-04-04,57269.018384,33922.969503,0.000000,0.000000,33922.969503,0.000000,47008.488300,11058.148180,8550.000000,8550.000000,1245.450774,252.480064
2025-04-05,53961.432139,31846.984375,0.000000,0.000000,31846.984375,0.000000,38088.403828,11058.148180,8550.000000,8550.000000,1095.710280,136.059190
2025-04-06,59411.216147,35332.962157,1335.648467,5206.317204,40539.279361,0.000000,2420.530037,11058.148180,8550.000000,8550.000000,552.312693,128.403088
2025-04-07,60335.376499,35875.095587,986.284853,3407.970881,39283.066468,0.000000,4163.804569,11242.598899,8550.000000,8550.000000,495.299335,197.948289
2025-04-08,61587.570149,36647.793464,1162.466278,5220.385346,41868.178810,0.000000,4423.045298,11060.459151,8550.000000,8550.000000,477.579344,159.176519
2025-04-09,62190.928195,37104.890643,3026.533743,11112.818447,48217.709089,0.000000,2079.405853,11173.926548,8550.000000,8550.000000,439.865895,168.898884
2025-04-10,63884.954311,38105.751278,757.441760,3405.039546,41510.790825,0.000000,6109.981715,11822.926027,8550.000000,8550.000000,417.117104,165.058518
2025-04-11,55233.340831,32669.958591,0.000000,0.000000,32669.958591,0.000000,46072.266942,11438.108021,8550.000000,8550.000000,1225.394362,222.168956
2025-04-12,52483.383879,30991.139642,11.537051,24.666214,31015.805857,0.000000,39741.846087,11438.108021,8550.000000,8550.000000,1123.719296,171.520455
2025-04-13,57631.330629,34228.879937,2382.167310,9928.212858,44157.092795,0.000000,1859.684908,11438.108021,8550.000000,8550.000000,567.511612,117.537953
2025-04-14,58682.467575,34897.641552,1136.109181,4441.055519,39338.697071,0.000000,3493.071873,11646.663965,8550.000000,8550.000000,544.840129,161.459652
2025-04-15,60197.693486,35828.156762,708.787901,3212.608466,39040.765229,0.000000,6898.356683,11786.660308,8550.000000,8550.000000,462.471740,243.127722
2025-04-16,61224.466759,36453.898676,1414.336908,4872.595997,41326.494673,0.000000,2949.934766,11870.361724,8550.000000,8550.000000,454.756888,133.986565
2025-04-17,61602.450496,36802.465488,267.124281,1020.954334,37823.419822,0.000000,5493.227746,12222.681304,8550.000000,8170.919680,420.657579,138.384005
2025-04-18,54634.606953,32210.278710,0.000000,0.000000,32210.278710,0.000000,44131.335612,12290.800538,8170.919680,8550.000000,1249.418230,133.264083
2025-04-19,51451.279564,30242.099783,13.751858,29.401473,30271.501256,0.000000,41117.298655,12290.800538,8550.000000,8550.000000,1120.349959,143.417070
2025-04-20,56641.766935,33445.051750,2033.398055,9186.773614,42631.825363,0.000000,2932.297946,12290.800538,8550.000000,8550.000000,559.624346,135.761707
2025-04-21,57668.746072,34116.726972,643.177885,2171.085772,36287.812744,0.000000,6013.619117,12324.200043,8550.000000,8550.000000,558.949210,263.092531
2025-04-22,58263.406345,34597.151087,1066.235005,3904.729529,38501.880616,0.000000,3399.653031,12276.316704,8550.000000,8550.000000,489.740567,146.047754
2025-04-23,59606.577886,35323.090989,432.340072,1406.965999,36730.056988,0.000000,4918.167934,12217.994903,8550.000000,8550.000000,459.129771,169.377264
2025-04-24,59200.043474,35230.786983,95.097580,403.311741,35634.098724,0.000000,9125.059002,12365.910561,8550.000000,7950.000000,414.298951,241.909884
2025-04-25,52043.543618,30714.804941,0.000000,0.000000,30714.804941,0.000000,46485.531860,12317.561864,7950.000000,7950.000000,1237.473025,192.887785
2025-04-26,49860.388053,29298.033536,0.000000,0.000000,29298.033536,0.000000,45674.789279,12317.561864,7950.000000,8550.000000,1112.480729,293.716033
2025-04-27,53324.897007,31623.954635,2044.230444,8845.161646,40469.116281,0.000000,3696.901125,12311.484188,8550.000000,8072.382174,557.191521,119.448795
2025-04-28,55240.689904,32709.001527,6869.609622,26680.284519,59389.286046,0.000000,1284.768655,12418.969367,8072.382174,8550.000000,516.790273,301.219768
2025-04-29,57205.068451,33863.394681,699.632366,2935.453645,36798.848326,0.000000,6696.636938,12819.726660,8550.000000,8550.000000,467.545966,211.992769
2025-04-30,57698.476186,34180.226373,861.078562,2770.062540,36950.288913,0.000000,6543.748299,12578.673766,8550.000000,8550.000000,448.863537,238.457214
2025-05-01,55776.405601,33484.617327,2712.597429,12870.858191,46355.475518,0.000000,5400.045480,12307.993185,8550.000000,7057.306155,525.044456,147.261866
2025-05-02,50491.211655,30097.744324,0.000000,0.000000,30097.744324,0.000000,32552.971829,12535.041052,7057.306155,7240.197109,1118.933665,296.970489
2025-05-03,49595.508696,29349.072532,21.180569,45.284057,29394.356589,0.000000,35930.556991,12535.041052,7240.197109,8550.000000,1015.943729,139.075211
2025-05-04,54119.074958,32352.983157,4051.577330,16206.891960,48559.875118,0.000000,2855.429758,12539.356995,8550.000000,8550.000000,672.601393,240.906677
2025-05-05,55458.419744,33229.029806,4747.149522,21609.281332,54838.311138,0.000000,2180.046353,12762.739586,8550.000000,7996.191631,606.431208,165.885912
2025-05-06,58168.182788,34883.686816,2700.253756,11961.274937,46844.961753,0.000000,3690.626354,13160.962582,7996.191631,8550.000000,569.848967,172.690508
2025-05-07,58922.493133,35425.596192,2312.670136,10544.412696,45970.008888,0.000000,2481.754080,13416.415511,8550.000000,8550.000000,520.571573,96.541001
2025-05-08,59616.247588,36315.730531,2743.201940,10039.310480,46355.041012,0.000000,3387.953373,13541.593578,8550.000000,7950.000000,456.642123,206.235535
2025-05-09,54191.348613,32647.571468,0.000000,0.000000,32647.571468,0.000000,42197.704447,13834.967970,7950.000000,7950.000000,1204.968264,102.735573
2025-05-10,51506.211632,31040.723783,0.000000,0.000000,31040.723783,0.000000,35359.973062,13834.967970,7950.000000,8550.000000,1080.601851,221.487744
2025-05-11,56797.636294,34336.081240,3661.413081,15330.189709,49666.270949,0.000000,1383.339933,13834.650596,8550.000000,8550.000000,629.795245,170.842441
2025-05-12,59168.521368,35761.467631,1899.590418,6267.202241,42028.669873,0.000000,5465.685598,14025.958320,8550.000000,8550.000000,555.181033,267.308692
2025-05-13,59864.659714,36323.616029,840.329592,3324.900444,39648.516473,0.000000,3893.471587,14181.027030,8550.000000,8550.000000,515.160767,124.452925
2025-05-14,61186.560688,37130.494935,611.003400,2102.679507,39233.174442,0.000000,5178.039720,14436.756915,8550.000000,8550.000000,469.716335,134.749986
2025-05-15,61596.637214,37643.385414,567.195774,2221.986967,39865.372381,0.000000,6434.358484,14421.493469,8550.000000,7950.000000,405.229873,123.804256
2025-05-16,55375.929442,33542.780244,0.000000,0.000000,33542.780244,0.000000,49179.488222,14527.253725,7950.000000,7969.819422,1208.980738,245.013810
2025-05-17,52822.958103,31947.414108,11.729224,25.077080,31972.491188,0.000000,38400.422621,14527.253725,7969.819422,8550.000000,1078.951858,222.742302
2025-05-18,57510.650738,34870.663383,2678.849912,9185.760837,44056.424221,0.000000,3020.197490,14529.974290,8550.000000,8550.000000,595.378575,184.008463
2025-05-19,59270.765138,35885.163073,378.918079,1936.413436,37821.576509,0.000000,8563.376430,14821.214541,8550.000000,8550.000000,524.034148,239.462892
2025-05-20,59751.451680,36306.378134,1922.479379,7750.170640,44056.548773,0.000000,3550.571104,14766.328372,8550.000000,8550.000000,489.016113,186.175009
2025-05-21,61384.101917,37345.181517,1121.887087,4366.166133,41711.347650,0.000000,7540.025361,14985.708650,8550.000000,8550.000000,444.851018,186.630376
2025-05-22,61740.387833,37777.722354,72.296757,359.976413,38137.698767,0.000000,8088.193539,15194.309427,8550.000000,7950.000000,399.348201,113.333183
2025-05-23,55065.687406,33427.736360,0.000000,0.000000,33427.736360,0.000000,45080.060342,15211.054541,7950.000000,8113.343024,1209.935956,150.789734
2025-05-24,53114.284338,32348.108772,0.000000,0.000000,32348.108772,0.000000,45645.397052,15211.054541,8113.343024,8550.000000,1113.875694,205.770593
2025-05-25,57358.094362,34743.377604,829.546504,3633.784809,38377.162413,0.000000,6191.946177,15211.054541,8550.000000,8550.000000,576.986053,173.586783
2025-05-26,58023.241683,35375.525771,2935.451160,10955.029911,46330.555683,0.000000,2871.659035,15092.846604,8550.000000,8550.000000,496.673492,207.105798
2025-05-27,59639.074068,36236.773971,328.675595,1044.495823,37281.269794,0.000000,7028.430950,14990.916740,8550.000000,8550.000000,476.802467,143.554090
2025-05-28,60302.057975,36674.978103,1467.035638,5304.578520,41979.556623,0.000000,5922.494312,15038.413991,8550.000000,8550.000000,437.537731,223.588855
2025-05-29,60881.232404,37187.987948,1244.503056,5104.222771,42292.210720,0.000000,5127.228795,15299.335325,8550.000000,7950.000000,436.952328,169.029756
2025-05-30,54699.313807,33095.410855,0.000000,0.000000,33095.410855,0.000000,44726.446749,15426.506255,7950.000000,7950.000000,1229.922608,171.080350
2025-05-31,52554.679412,31663.307703,113.154069,241.923400,31905.231103,0.000000,40335.275857,15426.506255,7950.000000,8550.000000,1122.425908,148.672660
2025-06-01,57349.288757,34701.120899,17454.985142,69621.373465,104322.494364,0.000000,102.261913,15426.506255,8550.000000,8550.000000,898.106840,476.934097
2025-06-02,61203.852200,37036.086641,12153.602795,50767.614471,87803.701111,0.000000,1195.457597,16039.743210,8550.000000,8550.000000,818.651153,340.352410
2025-06-03,63792.668770,38669.145936,8630.405253,37233.779160,75902.925096,0.000000,603.420472,16458.455474,8550.000000,8550.000000,741.974017,287.654232
2025-06-04,66882.658871,40665.611829,6856.467779,25801.817144,66467.428973,0.000000,358.114059,17134.761189,8550.000000,8550.000000,695.843567,303.105694
2025-06-05,70150.922512,42670.577162,5560.161865,22332.556674,65003.133836,0.000000,630.826714,18092.534202,8550.000000,8550.000000,633.204317,334.495190
2025-06-06,65011.526580,39351.579901,0.000000,0.000000,39351.579901,0.000000,30489.542124,19115.340573,8550.000000,8550.000000,1006.664332,532.201242
2025-06-07,63600.885727,38302.972058,49.032807,104.832142,38407.804200,0.000000,28970.453188,19115.340573,8550.000000,8550.000000,904.106771,482.840686
2025-06-08,72477.913266,44096.644218,1979.850542,8005.034636,52101.678854,0.000000,5247.576377,19134.675705,8550.000000,8550.000000,719.699923,178.554169
2025-06-09,73926.477756,45201.574002,3315.319915,14060.860984,59262.434985,0.000000,2251.384767,19464.266831,8550.000000,8550.000000,653.783738,231.038968
2025-06-10,76581.418493,47093.717377,2140.232435,8391.146345,55484.863722,0.000000,2883.547744,20173.803566,8550.000000,8550.000000,565.089184,266.068330
2025-06-11,79138.296131,48956.868301,3938.886318,17389.733204,66346.601505,0.000000,2743.913765,20720.674663,8550.000000,8550.000000,546.478409,376.639424
2025-06-12,82110.214257,51260.224650,798.856183,3332.888919,54593.113568,0.000000,6157.579968,21544.862143,8550.000000,8550.000000,503.623720,221.449082
2025-06-13,76189.066119,46883.867372,0.000000,0.000000,46883.867372,0.000000,43650.855074,21807.518851,8550.000000,8550.000000,1159.236491,271.000666
2025-06-14,74369.197775,45365.652802,0.000000,0.000000,45365.652802,0.000000,43996.599861,21807.518851,8550.000000,8550.000000,1041.080725,193.038460
2025-06-15,79966.122845,49600.411533,659.630921,2846.109475,52446.521008,0.000000,5708.395526,21807.518851,8550.000000,8550.000000,606.789702,178.341649
2025-06-16,82111.770600,51255.128769,495.060107,1804.441588,53059.570357,0.000000,5570.889079,21927.041472,8550.000000,8550.000000,573.995071,169.476291
2025-06-17,83991.161352,52668.366437,1336.639712,5343.976338,58012.342774,0.000000,6313.993447,22071.845868,8550.000000,8550.000000,502.647815,260.864389
2025-06-18,86270.210984,54238.721788,89.195100,310.156778,54548.878566,0.000000,10908.225780,22312.583085,8550.000000,8550.000000,437.062372,138.113459
2025-06-19,87175.219173,55075.709239,190.947861,780.672498,55856.381737,0.000000,14572.620246,22334.722194,8550.000000,8550.000000,440.970342,173.515957
2025-06-20,80588.032201,50122.008951,0.000000,0.000000,50122.008951,0.000000,53819.853249,22381.672619,8550.000000,8550.000000,1233.069722,107.350698
2025-06-21,77360.349412,47611.582403,0.000000,0.000000,47611.582403,0.000000,53733.414217,22381.672619,8550.000000,8550.000000,1108.755242,252.782603
2025-06-22,82257.743810,51247.320620,166.057924,633.560738,51880.881358,0.000000,10601.638060,22381.672619,8550.000000,8550.000000,564.542083,201.105162
2025-06-23,84165.031943,52828.526066,89.374698,233.672114,53062.198180,0.000000,12771.689861,22383.867015,8550.000000,8550.000000,512.591488,152.883708
2025-06-24,85099.992611,53514.922208,1790.075110,7748.240998,61263.163206,0.000000,6175.384137,22294.778934,8550.000000,8550.000000,493.742285,282.196672
2025-06-25,87188.440132,55023.939602,290.745048,959.124787,55983.064388,0.000000,12486.858828,22579.486826,8550.000000,8550.000000,408.775871,167.183450
2025-06-26,87996.772174,55568.578049,0.000000,0.000000,55568.578049,0.000000,15816.819984,22567.874267,8550.000000,8550.000000,412.680675,148.973397
2025-06-27,80672.651989,50006.265210,0.000000,0.000000,50006.265210,0.000000,56539.255406,22471.559091,8550.000000,8550.000000,1304.859366,143.199381
2025-06-28,77137.968121,47305.033341,0.000000,0.000000,47305.033341,0.000000,51058.587189,22471.559091,8550.000000,8550.000000,1146.198951,194.461761
2025-06-29,82648.581483,51536.151876,372.540151,1280.529294,52816.681170,0.000000,9367.138003,22460.531264,8550.000000,8550.000000,568.003035,147.555164
2025-06-30,83140.109893,52003.469866,494.923359,1895.833435,53899.303300,0.000000,9366.515821,21506.634899,8550.000000,8550.000000,494.963131,149.157932
2025-07-01,84419.827863,52803.127623,5278.616546,17890.846327,70693.973950,0.000000,6363.375586,20749.742048,8550.000000,8550.000000,1076.905941,267.588698
2025-07-02,85301.434865,53491.219145,4152.293839,13568.326891,67059.546035,0.000000,12130.634565,20320.919861,8550.000000,8550.000000,970.449469,456.175338
2025-07-03,85518.959253,53789.372787,3997.046290,14002.401365,67791.774152,0.000000,5359.149669,19763.533060,8550.000000,8550.000000,903.907859,154.194199
2025-07-04,78625.916312,48490.411906,0.000000,0.000000,48490.411906,0.000000,45459.784657,19344.882155,8550.000000,8550.000000,764.759088,340.989514
2025-07-05,75741.224305,46422.035179,37.651429,80.498754,46502.533933,0.000000,42844.933106,19344.882155,8550.000000,8550.000000,703.808528,316.126336
2025-07-06,81728.193086,50824.697404,4907.661761,19170.208693,69994.906097,0.000000,2540.685940,19344.882155,8550.000000,8550.000000,960.400254,180.739204
2025-07-07,84022.970811,52558.037685,2524.601126,8135.506251,60693.543935,0.000000,8799.029627,19642.436682,8550.000000,8550.000000,888.544378,335.638452
2025-07-08,86494.182289,54318.548650,1591.834053,6141.657529,60460.206179,0.000000,8158.286951,19458.990441,8550.000000,8550.000000,745.311778,247.340492
2025-07-09,86648.194466,54547.716592,522.174172,2009.174739,56556.891331,0.000000,8785.020788,19357.496795,8550.000000,8550.000000,651.955008,199.334766
2025-07-10,87489.000383,55220.267322,492.921900,1518.430542,56738.697864,0.000000,10784.025548,18820.802001,8550.000000,8550.000000,596.980007,238.442922
2025-07-11,79400.266620,49395.171661,0.000000,0.000000,49395.171661,0.000000,42733.691290,18476.839271,8550.000000,8550.000000,1045.870334,184.865782
2025-07-12,76829.111396,47661.978181,0.000000,0.000000,47661.978181,0.000000,41775.333307,18476.839271,8550.000000,8550.000000,930.623062,105.289942
2025-07-13,83273.635910,51956.359085,559.043768,2685.985665,54642.344750,0.000000,10264.481713,18476.839271,8550.000000,8550.000000,703.371120,341.251984
2025-07-14,83375.427570,52240.701695,497.917370,2270.039824,54510.741519,0.000000,7804.810663,18029.883776,8550.000000,8550.000000,684.743726,241.055548
2025-07-15,84596.442071,53228.596083,927.056847,2491.305583,55719.901666,0.000000,8519.970346,17508.171320,8550.000000,8550.000000,552.521355,234.232343
2025-07-16,84420.552196,53113.364227,613.511681,2235.095497,55348.459724,0.000000,8707.300432,17201.846799,8550.000000,8550.000000,524.827236,178.117498
2025-07-17,85522.183059,54022.591576,419.080246,1816.724615,55839.316191,0.000000,8957.910088,16997.248220,8550.000000,8550.000000,466.548614,147.172725
2025-07-18,78456.119909,49267.088614,0.000000,0.000000,49267.088614,0.000000,43289.418858,17032.866191,8550.000000,8550.000000,1195.632055,160.230886
2025-07-19,75555.886895,47330.001280,11.253673,24.060353,47354.061633,0.000000,44626.375016,17032.866191,8550.000000,8550.000000,1063.842837,158.785208
2025-07-20,80793.025052,50806.287913,1112.758318,3954.966001,54761.253914,0.000000,5791.211190,17044.019995,8550.000000,8550.000000,586.244935,127.247530
2025-07-21,82059.317986,51706.007232,1656.008163,5943.824716,57649.831948,0.000000,5660.081510,16941.303063,8550.000000,8550.000000,516.722228,136.663154
2025-07-22,84066.369340,53016.553562,1164.867825,4881.128295,57897.681857,0.000000,7318.897492,17252.393514,8550.000000,8550.000000,490.029000,150.691582
2025-07-23,84312.710725,53264.704713,1236.925595,4862.254815,58126.959528,0.000000,7236.805530,16785.134732,8550.000000,8550.000000,442.944053,145.714350
2025-07-24,85346.045159,53970.120513,1314.791023,5470.434111,59440.554624,0.000000,8862.494114,16845.591431,8550.000000,8550.000000,401.669291,202.777453
2025-07-25,78907.762109,49587.903574,0.000000,0.000000,49587.903574,0.000000,48535.031857,16993.920386,8550.000000,8550.000000,1283.422275,110.737370
2025-07-26,75335.864534,47370.627097,0.000000,0.000000,47370.627097,0.000000,43191.405178,16993.920386,8550.000000,8550.000000,1140.767623,131.113303
2025-07-27,80784.807736,50902.731700,2141.057717,10189.207945,61091.939646,0.000000,5298.506256,16993.920386,8550.000000,8550.000000,530.408183,134.846649
2025-07-28,82153.322914,51796.068652,4426.691061,17148.844310,68944.912961,0.000000,4578.358408,16873.821264,8550.000000,8550.000000,500.794730,230.454486
2025-07-29,84347.995485,53259.843545,2781.521071,9889.126655,63148.970199,0.000000,6950.958643,17166.690297,8550.000000,8550.000000,448.681061,163.983944
2025-07-30,85015.231181,53633.564666,1054.298726,4511.249478,58144.814144,0.000000,7770.618633,16793.459090,8550.000000,8550.000000,424.512271,181.723160
2025-07-31,85675.129998,54062.290820,521.069497,2425.280128,56487.570948,0.000000,7271.176701,16489.313963,8550.000000,8550.000000,379.208254,121.553324
2025-08-01,77956.121982,48764.147038,0.000000,0.000000,48764.147038,0.000000,52789.851373,15940.376001,8550.000000,8550.000000,1251.800286,296.698334
2025-08-02,74360.827189,46556.790339,42.190416,90.203109,46646.993448,0.000000,49787.546499,15940.376001,8550.000000,8550.000000,1195.827305,231.117223
2025-08-03,79334.905952,49872.263525,311.172756,1424.547216,51296.810741,0.000000,12805.526776,15940.376001,8550.000000,8550.000000,554.995626,408.587634
2025-08-04,79141.770220,49797.303858,158.827954,516.090885,50313.394743,0.000000,9940.145301,15107.539246,8550.000000,8550.000000,528.593709,290.149706
2025-08-05,79333.904479,49978.767776,146.047196,598.553595,50577.321371,0.000000,10360.754261,14778.212537,8550.000000,8550.000000,404.151587,226.944084
2025-08-06,79395.218662,50129.834113,865.320233,3361.076234,53490.910347,0.000000,8148.635556,14319.395595,8550.000000,8550.000000,385.108807,188.662988
2025-08-07,80065.324840,50543.865965,162.543821,475.472109,51019.338074,0.000000,12802.428648,14165.347258,8550.000000,8550.000000,370.739288,269.794590
2025-08-08,71340.282437,44917.712164,0.000000,0.000000,44917.712164,0.000000,51817.491220,13967.934615,8550.000000,8550.000000,1301.618610,305.085694
2025-08-09,67459.968466,42584.235758,1.657301,3.543309,42587.779067,0.000000,44963.499597,13967.934615,8550.000000,8550.000000,1199.316703,171.544561
2025-08-10,72123.048689,45613.619535,1240.961572,4264.449997,49878.069533,0.000000,4278.287443,13967.934615,8550.000000,8550.000000,535.354637,148.276882
2025-08-11,73643.444179,46536.484844,984.902932,4181.031409,50717.516253,0.000000,6358.752736,14012.587510,8550.000000,8550.000000,483.003574,163.620415
2025-08-12,74435.183548,46998.078982,1611.415424,6563.588360,53561.667342,0.000000,4510.085468,13975.037277,8550.000000,8550.000000,449.397514,149.538771
2025-08-13,76010.863444,48084.673587,1000.316124,3685.775499,51770.449087,0.000000,6990.054449,13960.241450,8550.000000,8550.000000,422.508407,142.165364
2025-08-14,75458.658975,47795.468241,979.506602,4294.362070,52089.830311,0.000000,7156.623040,13888.544820,8550.000000,8097.928933,404.299585,181.167901
2025-08-15,69045.711192,43596.203727,0.000000,0.000000,43596.203727,0.000000,47694.688739,13908.592089,8097.928933,8550.000000,1290.556358,161.342447
2025-08-16,65448.681537,41475.844404,0.000000,0.000000,41475.844404,0.000000,44959.473398,13908.592089,8550.000000,8550.000000,1159.694405,154.409838
2025-08-17,70475.367606,44657.039253,1410.264376,6022.638950,50679.678203,0.000000,4951.541357,13904.004864,8550.000000,8550.000000,530.300827,169.836034
2025-08-18,71518.317795,45328.729483,1376.604095,6317.060676,51645.790158,0.000000,4672.500023,13847.786949,8550.000000,8550.000000,497.165858,138.673638
2025-08-19,72502.348634,46016.075232,857.918952,3473.969735,49490.044968,0.000000,5217.583386,13595.154328,8550.000000,8550.000000,437.758854,100.527673
2025-08-20,73113.379138,46484.115632,4224.933585,16799.046319,63283.161951,0.000000,2871.435372,13428.193928,8550.000000,8550.000000,392.969554,293.579823
2025-08-21,73785.491925,46995.368875,1160.851200,4143.518206,51138.887081,0.000000,5897.069413,13740.214514,8550.000000,7950.000000,363.101363,140.007682
2025-08-22,66603.357424,42272.013662,0.000000,0.000000,42272.013662,0.000000,41715.881740,13731.769462,7950.000000,7950.000000,1226.904011,146.276582
2025-08-23,64749.024125,41020.068441,0.000000,0.000000,41020.068441,0.000000,38005.809729,13731.769462,7950.000000,8550.000000,1148.272546,154.385856
2025-08-24,69718.039779,44220.447468,2337.628419,10160.677809,54381.125277,0.000000,4544.025174,13725.480514,8550.000000,8550.000000,541.304560,214.013750
2025-08-25,71069.632168,45160.724135,5639.064733,21362.689948,66523.414083,0.000000,2034.869041,13650.548023,8550.000000,8550.000000,475.155855,279.651742
2025-08-26,72794.072179,46306.303137,980.757923,4091.095220,50397.398357,0.000000,4419.227954,13633.149364,8550.000000,8550.000000,457.108761,122.489510
2025-08-27,73911.715694,47049.104270,1600.048360,7095.370793,54144.475063,0.000000,3713.123690,13350.510571,8550.000000,8550.000000,383.780876,184.812817
2025-08-28,73782.061504,47157.976756,4213.276136,15859.557713,63017.534469,0.000000,3975.083528,13441.064323,8550.000000,7950.000000,416.279919,244.768533
2025-08-29,68266.352967,43220.963974,0.000000,0.000000,43220.963974,0.000000,41297.476250,13678.861016,7950.000000,8550.000000,1290.301578,159.965784
2025-08-30,64996.984206,41259.786437,8.138884,17.400933,41277.187370,0.000000,42848.689806,13678.861016,8550.000000,8550.000000,1140.677822,190.663375
2025-08-31,70109.434092,44605.542427,3049.855990,11444.714250,56050.256677,0.000000,2609.549322,13678.861016,8550.000000,8550.000000,535.662159,142.716798
2025-09-01,72774.997363,46193.151266,546.012730,1823.789214,48016.940480,0.000000,15860.388358,14324.942769,8550.000000,8550.000000,368.470529,166.422318
2025-09-02,72488.384960,45941.622930,81.470125,396.811529,46338.434459,0.000000,14611.362013,14366.976994,8550.000000,8550.000000,349.611400,147.169370
2025-09-03,73072.307581,46199.088691,40.103395,156.864429,46355.953120,0.000000,13588.497878,14343.386460,8550.000000,8550.000000,310.294955,177.783570
2025-09-04,73314.554345,46304.347791,28.323590,137.339952,46441.687743,0.000000,15409.140602,14123.092319,8550.000000,8550.000000,324.505199,187.442930
2025-09-05,64727.746674,40752.176096,0.000000,0.000000,40752.176096,0.000000,54092.661903,14061.826321,8550.000000,8550.000000,1652.497567,124.539097
2025-09-06,60740.175335,38306.884023,0.000000,0.000000,38306.884023,0.000000,49357.496440,14061.826321,8550.000000,8550.000000,1475.109230,214.241669
2025-09-07,65939.273125,41518.929918,1007.489041,4148.436986,45667.366904,0.000000,8032.513591,14058.429569,8550.000000,8550.000000,378.333910,110.343156
2025-09-08,65372.292599,40897.714473,2682.289023,11487.701182,52385.415654,0.000000,4771.309054,13920.950900,8550.000000,8550.000000,371.971360,251.419986
2025-09-09,66867.933663,41844.530211,185.348548,756.554923,42601.085134,0.000000,10023.082323,14199.495087,8550.000000,8550.000000,324.490698,214.000676
2025-09-10,67363.219749,42116.624190,2839.569024,12558.334940,54674.959130,0.000000,4907.035879,13947.433009,8550.000000,8550.000000,337.487008,289.419654
2025-09-11,68505.911495,42700.927379,82.820752,440.544446,43141.471825,0.000000,11023.949391,14106.136208,8550.000000,8537.396776,296.189283,154.103261
2025-09-12,60212.438445,37346.027151,0.000000,0.000000,37346.027151,0.000000,44768.146063,13858.468485,8537.396776,8550.000000,1401.638352,146.226327
2025-09-13,57355.625823,35603.067590,0.000000,0.000000,35603.067590,0.000000,45535.977604,13858.468485,8550.000000,8550.000000,1299.745647,202.176080
2025-09-14,62512.365489,38779.694641,3353.526453,13575.134014,52354.828655,0.000000,1756.652487,13858.468485,8550.000000,8550.000000,458.483413,220.894097
2025-09-15,64254.554909,39683.831459,1212.687251,5033.505153,44717.336613,0.000000,6394.160307,14201.843662,8550.000000,8550.000000,424.567791,229.783701
2025-09-16,64515.014829,39989.885542,1916.287749,5777.857749,45767.743290,0.000000,2856.594597,14122.957734,8550.000000,8550.000000,426.617763,172.213691
2025-09-17,66947.674943,41456.397854,1192.151511,4914.534186,46370.932040,0.000000,4076.975339,14400.657460,8550.000000,8550.000000,376.488065,175.925368
2025-09-18,66898.823895,41484.952246,679.161959,2991.036584,44475.988830,0.000000,4520.763089,14215.083648,8550.000000,8550.000000,363.047365,164.049017
2025-09-19,60174.564457,36997.706674,0.000000,0.000000,36997.706674,0.000000,40094.554068,14199.338130,8550.000000,8550.000000,1307.971953,229.154909
2025-09-20,57264.961046,35130.210552,11.905158,25.453228,35155.663780,0.000000,37646.662172,14199.338130,8550.000000,8550.000000,1183.650723,220.480712
2025-09-21,63777.153695,39271.086588,2091.632761,7461.524290,46732.610878,0.000000,3495.113670,14199.338130,8550.000000,8550.000000,521.433435,140.569983
2025-09-22,64390.443638,39666.643705,2191.482001,7707.750597,47374.394303,0.000000,1883.801157,14182.544716,8550.000000,8550.000000,510.902336,124.920732
2025-09-23,65542.616678,40475.893997,2557.500183,11088.849174,51564.743171,0.000000,1900.078921,14012.006966,8550.000000,8550.000000,473.235328,181.469153
2025-09-24,67542.486380,41824.740846,1329.317500,4303.139712,46127.880558,0.000000,3703.302189,14294.546774,8550.000000,8550.000000,422.449873,126.354867
2025-09-25,67979.355236,42144.419024,1231.734082,4270.196652,46414.615675,0.000000,4776.456318,14225.432726,8550.000000,8550.000000,408.304272,132.215743
2025-09-26,61114.814874,37298.724053,0.000000,0.000000,37298.724053,0.000000,39384.065149,14090.499552,8550.000000,8550.000000,1295.028260,241.229587
2025-09-27,58501.789842,35645.262830,31.907769,68.218810,35713.481641,0.000000,36730.705921,14090.499552,8550.000000,8550.000000,1102.140136,228.678711
2025-09-28,64293.146190,39410.512536,4018.005157,16577.278862,55987.791398,0.000000,740.097145,14090.499552,8550.000000,8550.000000,550.906146,190.991233
2025-09-29,66271.167378,40819.040560,2278.245173,9133.022304,49952.062864,0.000000,1693.394041,14398.581676,8550.000000,8550.000000,538.634607,111.095436
2025-09-30,68339.421211,42303.368527,3060.041958,12791.002716,55094.371243,0.000000,1861.688873,14897.329940,8550.000000,8550.000000,483.527760,235.548132
2025-10-01,70495.749401,43732.067937,116.390024,252.447380,43984.515317,0.000000,16811.845807,15513.243692,8550.000000,8550.000000,380.679403,347.193876
2025-10-02,70421.808792,43821.438726,130.913372,282.597654,44104.036380,0.000000,14687.515897,15561.397540,8550.000000,8550.000000,371.649365,217.427124
2025-10-03,63225.941212,38531.700327,0.000000,0.000000,38531.700327,0.000000,51322.211222,15596.614822,8550.000000,8550.000000,1357.410284,158.087722
2025-10-04,59727.366501,36115.751843,3.877836,8.290813,36124.042656,0.000000,42566.135491,15596.614822,8550.000000,8550.000000,1203.713697,97.876531
2025-10-05,65239.829637,39877.712489,568.535851,1473.251354,41350.963843,0.000000,6973.341953,15600.295675,8550.000000,8550.000000,512.054859,126.766894
2025-10-06,66098.386467,40496.380387,318.045663,946.507963,41442.888350,0.000000,4578.691801,15632.058478,8550.000000,8550.000000,468.592590,83.961466
2025-10-07,67262.403155,41303.679372,205.901823,559.973341,41863.652713,0.000000,5586.527047,15442.657282,8550.000000,8550.000000,419.830678,89.542299
2025-10-08,67141.717315,41275.789379,363.474304,900.919812,42176.709191,0.000000,6925.206840,15438.543421,8550.000000,8550.000000,390.885336,121.200152
2025-10-09,67492.314149,41498.178899,97.283505,288.473726,41786.652626,0.000000,7741.271524,15086.942602,8550.000000,8550.000000,373.841532,150.466578
2025-10-10,60950.685283,36899.001600,0.000000,0.000000,36899.001600,0.000000,47545.851168,15097.061933,8550.000000,8550.000000,1259.632627,175.638388
2025-10-11,58194.043159,34959.976992,14.004587,29.941807,34989.918799,0.000000,40047.673039,15097.061933,8550.000000,8550.000000,1175.649347,149.246038
2025-10-12,63419.748837,38581.435814,1419.537363,5164.692214,43746.128028,0.000000,2254.830085,15101.989250,8550.000000,8550.000000,543.846678,115.893252
2025-10-13,64817.641458,39545.739358,517.380292,2251.530419,41797.269777,0.000000,4229.173057,15004.031389,8550.000000,8550.000000,495.472867,97.941247
2025-10-14,66043.820922,40397.208718,1222.860121,5142.531503,45539.740220,0.000000,2405.722249,15001.768054,8550.000000,8550.000000,459.203409,144.757856
2025-10-15,66708.298984,40985.615965,1762.055026,6565.881586,47551.497550,0.000000,2463.545077,14985.856998,8550.000000,8550.000000,419.451920,212.733997
2025-10-16,68016.920381,41852.087517,1836.143692,7654.088459,49506.175976,0.000000,2783.000898,15092.894665,8550.000000,8550.000000,412.015250,227.541471
2025-10-17,61430.624602,37073.936419,0.000000,0.000000,37073.936419,0.000000,41352.418696,15218.627768,8550.000000,8550.000000,1252.180662,164.984217
2025-10-18,59750.019288,35829.974533,9.291283,19.864763,35849.839296,0.000000,39618.322688,15218.627768,8550.000000,8550.000000,1150.418205,157.130560
2025-10-19,65020.080038,39505.277569,4084.305953,17810.210806,57315.488375,0.000000,1123.104417,15218.627768,8550.000000,8550.000000,581.713165,199.195119
2025-10-20,66921.653053,40824.478266,2912.488661,13290.960544,54115.438811,0.000000,1274.297199,15590.289548,8550.000000,8550.000000,526.224563,210.624976
2025-10-21,69385.277222,42561.581954,2906.577264,10636.182155,53197.764110,0.000000,1677.591221,15869.757110,8550.000000,8550.000000,475.037015,257.136567
2025-10-22,70876.486259,43490.127933,1927.576700,8637.138531,52127.266464,0.000000,3073.844363,16076.413387,8550.000000,8550.000000,438.156011,213.376201
2025-10-23,72362.730286,44534.288245,276.869231,1107.641882,45641.930127,0.000000,5000.877760,16208.445068,8550.000000,8550.000000,396.810794,159.532962
2025-10-24,65246.940191,39355.330090,0.000000,0.000000,39355.330090,0.000000,42703.516592,16169.683003,8550.000000,8550.000000,1228.825245,132.526847
2025-10-25,62907.514843,37631.478831,0.000000,0.000000,37631.478831,0.000000,39403.858970,16169.683003,8550.000000,8550.000000,1119.029961,156.033194
2025-10-26,68822.292620,41960.447757,1315.277563,5158.513452,47118.961209,0.000000,1428.122098,16167.296318,8550.000000,8550.000000,566.426479,120.604856
2025-10-27,70155.280193,42917.304285,1630.791020,6803.341278,49720.645562,0.000000,4042.176331,15985.126594,8550.000000,8550.000000,532.785575,189.195641
2025-10-28,71805.141064,44033.537005,1002.979869,4063.690888,48097.227893,0.000000,2537.830762,16023.846281,8550.000000,8550.000000,475.141789,153.962260
2025-10-29,72599.582136,44623.954528,2580.866378,10253.233910,54877.188438,0.000000,1543.274760,15772.910456,8550.000000,8550.000000,436.431666,275.550587
2025-10-30,74779.067796,46217.982520,231.620922,937.923788,47155.906308,0.000000,5798.205127,16258.314853,8550.000000,8550.000000,396.919911,116.381988
2025-10-31,67637.399915,41074.434897,0.000000,0.000000,41074.434897,0.000000,39562.585466,16295.008558,8550.000000,8550.000000,1237.784650,268.362056
2025-11-01,65854.356554,39732.254132,14.980584,32.028488,39764.282620,0.000000,39174.267986,16295.008558,8550.000000,8550.000000,1115.269439,158.389582
2025-11-02,71630.125855,43835.287427,2367.562928,10595.395372,54430.682799,0.000000,882.837157,16296.240867,8550.000000,8550.000000,589.289606,163.835358
2025-11-03,73603.506061,45301.832279,2327.153043,7603.461772,52905.294051,0.000000,1999.013406,16679.464442,8550.000000,8550.000000,527.583093,191.343843
2025-11-04,76011.729171,46978.362416,541.833491,2350.822975,49329.185390,0.000000,4512.407135,17094.584748,8550.000000,8550.000000,466.423058,124.817628
2025-11-05,77590.680400,48243.160431,432.093730,1390.915030,49634.075461,0.000000,3907.465029,17198.134235,8550.000000,8550.000000,437.282720,147.148154
2025-11-06,78557.714281,49073.220977,1201.144599,4708.240222,53781.461199,0.000000,3948.896414,17235.034355,8550.000000,8550.000000,421.202443,221.987494
2025-11-07,72739.997444,44521.389849,0.000000,0.000000,44521.389849,0.000000,45002.427785,17558.385729,8550.000000,8550.000000,1219.039230,172.015290
2025-11-08,70009.926412,42488.214440,8.399135,17.957350,42506.171790,0.000000,41913.135136,17558.385729,8550.000000,8550.000000,1115.491050,108.181540
2025-11-09,75761.215417,46775.924154,1650.954368,6499.207520,53275.131675,0.000000,1616.176656,17558.385729,8550.000000,8550.000000,587.778219,158.556854
2025-11-10,77746.149430,48325.548279,2141.047238,7939.905905,56265.454184,0.000000,1598.967047,17744.673001,8550.000000,8550.000000,556.487990,219.433593
2025-11-11,79730.038776,49847.451028,253.968190,847.577389,50695.028417,0.000000,3997.194011,18082.699474,8550.000000,8550.000000,482.564778,126.191404
2025-11-12,81369.800201,51086.918282,69.550183,312.325300,51399.243582,0.000000,6026.815973,18071.077717,8550.000000,8550.000000,432.535912,121.059340
2025-11-13,82250.236408,51790.685208,295.142675,785.331422,52576.016629,0.000000,5680.896374,17978.684896,8550.000000,8550.000000,438.147049,143.234277
2025-11-14,75397.147158,46418.429901,0.000000,0.000000,46418.429901,0.000000,43360.596817,17891.979528,8550.000000,8550.000000,1243.892953,182.804315
2025-11-15,72986.616162,44508.476040,0.000000,0.000000,44508.476040,0.000000,40332.081906,17891.979528,8550.000000,8550.000000,1098.285899,161.039676
2025-11-16,79075.029669,49303.321708,1884.311587,7446.390143,56749.711851,0.000000,2092.312524,17891.979528,8550.000000,8550.000000,597.087324,150.045637
2025-11-17,81035.008634,50756.776269,449.973714,1594.806869,52351.583137,0.000000,4337.324329,18008.772806,8550.000000,8550.000000,503.251538,113.175318
2025-11-18,81901.999449,51423.194889,737.111918,2371.665819,53794.860709,0.000000,3286.615265,17810.736993,8550.000000,8550.000000,486.690197,170.483139
2025-11-19,83195.320947,52419.191056,376.201384,1357.540241,53776.731297,0.000000,3715.703843,17601.932063,8550.000000,8550.000000,462.086104,154.977572
2025-11-20,84627.409281,53456.999073,159.414104,570.356461,54027.355534,0.000000,5423.257673,17580.283734,8550.000000,8550.000000,421.704087,132.931929
2025-11-21,77823.429469,48193.067631,0.000000,0.000000,48193.067631,0.000000,44535.482205,17607.759356,8550.000000,8550.000000,1234.212731,119.055992
2025-11-22,75524.268757,46370.331198,0.000000,0.000000,46370.331198,0.000000,40887.027130,17607.759356,8550.000000,8550.000000,1100.439673,128.458637
2025-11-23,81323.349404,50860.361861,1699.852429,7359.018178,58219.380039,0.000000,3321.468013,17607.759356,8550.000000,8550.000000,567.058515,154.194023
2025-11-24,82859.427876,52038.420199,603.745740,2428.802229,54467.222429,0.000000,4810.232110,17727.063464,8550.000000,8550.000000,539.200355,87.199036
2025-11-25,84239.225246,53061.719373,400.476601,1487.702168,54549.421541,0.000000,3896.446903,17653.573286,8550.000000,8550.000000,474.859948,133.922306
2025-11-26,85880.477208,54307.232658,264.876779,919.252479,55226.485137,0.000000,4721.897397,17629.950366,8550.000000,8550.000000,438.584130,135.284876
2025-11-27,86921.059552,55131.944090,97.074073,420.738577,55552.682667,0.000000,6549.852612,17385.258524,8550.000000,8550.000000,398.258512,106.363590
2025-11-28,79806.390736,49651.298672,0.000000,0.000000,49651.298672,0.000000,44435.407217,17382.579141,8550.000000,8550.000000,1222.970189,105.677182
2025-11-29,77316.774932,47701.999099,10.880653,23.262837,47725.261936,0.000000,37982.242646,17382.579141,8550.000000,8550.000000,1120.582551,256.651603
2025-11-30,83377.542523,52320.720058,2309.071625,8725.667669,61046.387727,0.000000,852.178051,17382.579141,8550.000000,8550.000000,578.597811,211.031791
2025-12-01,85163.723570,53602.688386,6448.925032,24233.494576,77836.182962,0.000000,636.836828,17499.857983,8550.000000,8550.000000,827.892552,156.731656
2025-12-02,87665.258044,55472.678672,6133.425745,23029.713133,78502.391806,0.000000,442.540506,17697.324979,8550.000000,8550.000000,758.905716,219.376781
2025-12-03,90328.824983,57503.273790,3226.091296,10296.847814,67800.121605,0.000000,1666.243256,18213.917889,8550.000000,8550.000000,662.072605,173.601762
2025-12-04,92474.564110,59096.875213,2058.271993,7083.050186,66179.925400,0.000000,3001.852701,18672.168147,8550.000000,8550.000000,649.247188,114.440350
2025-12-05,86443.387387,54218.932797,0.000000,0.000000,54218.932797,0.000000,40413.426371,18793.147565,8550.000000,8550.000000,1037.952724,137.254911
2025-12-06,84735.824440,52779.542464,7.623768,16.299617,52795.842081,0.000000,36376.761146,18793.147565,8550.000000,8550.000000,918.815313,181.022558
2025-12-07,90829.595420,57592.979955,2746.448723,10492.553701,68085.533656,0.000000,1175.582723,18795.290982,8550.000000,8550.000000,749.989882,110.431589
2025-12-08,93584.067525,59667.765245,1361.518783,5075.619126,64743.384371,0.000000,2334.399761,19045.374243,8550.000000,8550.000000,632.950021,133.178756
2025-12-09,95671.482281,61253.977130,695.594497,2962.266640,64216.243770,0.000000,4177.759117,19083.656676,8550.000000,8550.000000,588.629772,91.764453
2025-12-10,97207.909897,62449.139152,430.133766,1497.005270,63946.144422,0.000000,4423.460833,19263.036843,8550.000000,8550.000000,526.496874,138.723216
2025-12-11,98700.837743,63605.296987,125.373808,414.988122,64020.285109,0.000000,8020.120185,19428.665273,8550.000000,8550.000000,462.144196,54.357844
2025-12-12,91878.376202,58103.155805,0.000000,0.000000,58103.155805,0.000000,43408.652734,19422.733166,8550.000000,8550.000000,1151.418360,152.199908
2025-12-13,90048.245321,56550.790804,1.899902,4.061990,56554.852794,0.000000,41511.704760,19422.733166,8550.000000,8550.000000,1042.649934,118.672817
2025-12-14,95703.470164,61074.531709,796.103377,3570.998131,64645.529840,0.000000,2904.271146,19424.425968,8550.000000,8550.000000,637.428957,89.916834
2025-12-15,97508.485359,62443.993150,606.774118,2062.950254,64506.943404,0.000000,3801.541768,19335.007259,8550.000000,8550.000000,573.060708,116.181236
2025-12-16,99256.812599,63816.881998,127.713372,476.730016,64293.612014,0.000000,5095.561379,19430.215822,8550.000000,8550.000000,527.692406,97.975622
2025-12-17,100629.612219,64883.960260,77.334419,288.630382,65172.590642,0.000000,7638.432905,19330.846098,8550.000000,8550.000000,477.477569,56.556337
2025-12-18,101437.309124,65570.034865,111.961362,242.373573,65812.408438,0.000000,9306.336852,19301.793464,8550.000000,8550.000000,444.493817,76.704601
2025-12-19,94782.483599,60152.911593,0.000000,0.000000,60152.911593,0.000000,47064.276306,19287.717706,8550.000000,8550.000000,1204.704482,83.060046
2025-12-20,92370.117687,58185.026322,0.000000,0.000000,58185.026322,0.000000,44734.154131,19287.717706,8550.000000,8550.000000,1092.768132,69.394691
2025-12-21,97746.634827,62512.037176,727.517618,2923.177435,65435.214611,0.000000,4584.931478,19287.717706,8550.000000,8550.000000,595.259060,76.960740
2025-12-22,99305.874366,63687.985185,331.282626,1473.799437,65161.784622,0.000000,5826.579154,19134.112701,8550.000000,8550.000000,552.544726,43.361176
2025-12-23,100667.872197,64793.801009,92.382749,469.822134,65263.623144,0.000000,8625.495746,19135.017913,8550.000000,8550.000000,485.518530,39.525947
2025-12-24,101541.590311,65463.514316,57.292028,122.780210,65586.294526,0.000000,8867.656356,19026.106360,8550.000000,8550.000000,436.926208,71.961218
2025-12-25,102469.050170,66300.739601,69.916721,249.552201,66550.291803,0.000000,9849.851691,19022.950783,8550.000000,8550.000000,418.380285,53.388815
2025-12-26,95597.580623,60671.074658,0.000000,0.000000,60671.074658,0.000000,47765.025182,19025.617262,8550.000000,8550.000000,1238.076242,95.691825
2025-12-27,93159.254854,58728.974393,0.000000,0.000000,58728.974393,0.000000,45024.024391,19025.617262,8550.000000,8550.000000,1120.183309,55.528905
2025-12-28,98492.063705,62965.661677,328.154770,1667.178940,64632.840617,0.000000,7145.352345,19023.924459,8550.000000,8550.000000,554.360862,62.868181
2025-12-29,99265.616807,63595.988905,235.424808,1054.959205,64650.948110,0.000000,7114.146226,18508.307053,8550.000000,8550.000000,495.888440,69.256620
2025-12-30,99519.208353,63854.292004,91.488962,430.607138,64284.899142,0.000000,8531.087100,17772.216406,8550.000000,8550.000000,450.757394,89.276044
2025-12-31,99689.283702,64045.201341,147.218856,447.396460,64492.597801,0.000000,6337.163036,17082.636114,8550.000000,8550.000000,425.514036,52.650428
