日期,0点计划购电量(kWh),最终调整购电量(kWh),增加购电量(kWh),减少购电量(kWh),0点计划购电费(元),调整后购电结算费(元),调整相关费用变化(元),紧急购电量(kWh),紧急购电费(元),总购电费(元),0:00储电量(kWh),24:00储电量(kWh)
2025-01-01,77929.757445,90030.579299,12100.821854,0.000000,57679.805677,76359.130292,18679.324614,8781.363574,42092.523983,118451.654274,6000.000000,5544.145713
2025-01-02,84549.255117,91132.518576,6990.286115,407.022656,62277.361981,73204.258428,10926.896447,8433.239092,40601.897017,113806.155444,5544.145713,5136.130437
2025-01-03,84021.789557,68937.476972,0.000000,15084.312584,48169.146821,42487.118702,-5682.028119,30.410318,57.900869,42545.019571,5136.130437,5774.816056
2025-01-04,77645.503935,66114.958131,0.000000,11530.545805,42898.275957,38596.596836,-4301.679121,103.385523,317.421155,38914.017991,5774.816056,6343.536142
2025-01-05,73281.730343,83951.486512,10669.756169,0.000000,51783.762593,67825.784146,16042.021553,12637.491366,62616.321599,130442.105745,6343.536142,5816.668692
2025-01-06,77415.248989,86082.651083,8676.215579,8.813484,55998.048727,68902.808711,12904.759984,10233.893153,51904.094149,120806.902860,5816.668692,5380.626695
2025-01-07,78461.506829,89271.801321,10810.294493,0.000000,56348.352687,72672.996776,16324.644089,8844.679913,45071.817186,117744.813962,5380.626695,5022.648296
2025-01-08,112645.094955,98935.163663,0.000000,13709.931292,88942.332797,82187.327068,-6755.005729,491.299433,2592.311883,84779.638951,5022.648296,5004.658599
2025-01-09,106913.297695,101044.057049,0.000000,5869.240646,83413.374469,80355.214564,-3058.159906,291.066637,1323.558560,81678.773124,5004.658599,4952.353500
2025-01-10,106759.784285,75279.962072,0.000000,31479.822213,63491.636954,51338.756078,-12152.880876,230.165965,566.837950,51905.594027,4952.353500,5791.920850
2025-01-11,95539.890223,73192.800694,0.000000,22347.089528,56174.260981,47476.789402,-8697.471579,164.150294,374.687729,47851.477131,5791.920850,6538.669906
2025-01-12,99895.716129,98620.007997,1474.004390,2749.712522,76563.507116,78148.350109,1584.842993,1170.457419,6135.158143,84283.508252,6538.669906,6346.015985
2025-01-13,101946.258295,97773.037009,322.345373,4495.566659,78441.733694,76622.281608,-1819.452086,507.728232,2289.023974,78911.305582,6346.015985,6268.100254
2025-01-14,101530.279604,97584.883757,116.019493,4061.415341,77729.210419,75727.653481,-2001.556937,495.062466,2416.810088,78144.463570,6268.100254,6254.251111
2025-01-15,99777.426662,99402.224893,662.021617,1037.223386,76681.831409,77199.427446,517.596038,353.584020,2243.662041,79443.089487,6254.251111,6230.842635
2025-01-16,100721.585134,97503.136207,60.804060,3279.252987,76649.341955,75156.953594,-1492.388361,621.178743,3425.314765,78582.268359,6230.842635,6238.065629
2025-01-17,96452.781918,73412.088616,0.000000,23040.693302,55980.509620,47260.564453,-8719.945167,100.035820,234.385622,47494.950075,6238.065629,6951.906727
2025-01-18,96128.476155,71793.322246,0.000000,24335.153908,55469.084518,46628.412067,-8840.672450,150.839403,364.584180,46992.996247,6951.906727,7761.678103
2025-01-19,93430.355479,95913.546590,2767.427780,284.236669,70003.368600,73821.225427,3817.856827,566.228215,3279.699830,77100.925257,7761.678103,7576.288701
2025-01-20,96024.253314,94587.562078,121.546381,1558.237617,72231.682018,71642.460917,-589.221102,846.110096,4308.098510,75950.559427,7576.288701,7442.164658
2025-01-21,97880.456503,92753.412213,0.000000,5127.044289,72371.929072,69950.782375,-2421.146697,313.600362,1453.929369,71404.711744,7442.164658,7414.395942
2025-01-22,102310.909068,97996.401066,11.285187,4325.793188,77959.695129,75888.922882,-2070.772247,472.082388,2569.035777,78457.958660,7414.395942,7356.611135
2025-01-23,100174.844776,98895.964880,920.807918,2199.687814,76796.577413,77454.678972,658.101559,140.280827,636.088670,78090.767642,7356.611135,7322.409533
2025-01-24,90166.611722,69222.718439,0.000000,20943.893283,49999.052502,42474.459099,-7524.593404,19.613981,38.345332,42512.804431,7322.409533,7808.352795
2025-01-25,85891.364437,68131.402136,0.000000,17759.962301,47117.915659,40972.727165,-6145.188494,66.161989,118.102456,41090.829621,7808.352795,8225.250117
2025-01-26,100721.756846,94905.213479,129.789719,5946.333085,76399.940610,73801.083003,-2598.857607,577.802564,3087.004645,76888.087648,8225.250117,8111.430567
2025-01-27,91369.713049,90404.730358,114.430424,1079.413115,66744.967977,66366.358081,-378.609896,971.627652,4957.223482,71323.581563,8111.430567,8036.419167
2025-01-28,99024.941902,94975.453810,172.912903,4222.400995,73311.298354,71699.639613,-1611.658741,398.165583,1913.249763,73612.889375,8036.419167,7913.853030
2025-01-29,92687.259857,91123.498907,183.569320,1747.330270,66511.893189,66024.049477,-487.843712,489.254163,2398.781145,68422.830622,7913.853030,7859.376600
2025-01-30,93357.935194,93230.325516,654.653843,782.263521,68681.071737,69185.252170,504.180433,211.964142,1194.605256,70379.857426,7859.376600,7829.960269
2025-01-31,87633.780165,68031.019157,0.000000,19602.761008,48617.137231,41576.275428,-7040.861803,126.711065,275.042927,41851.318355,7829.960269,8347.710460
2025-02-01,86592.440705,62129.101160,0.000000,24463.339546,45620.576214,37271.769037,-8348.807177,9.217089,16.258945,37288.027982,8347.710460,8748.993249
2025-02-02,91157.715587,86447.291452,4.110689,4714.534824,63801.577846,61763.944636,-2037.633210,407.794749,2198.197385,63962.142021,8748.993249,8664.689431
2025-02-03,93693.396692,86716.382294,0.000000,6977.014397,67146.158767,63971.819660,-3174.339107,1029.981869,5342.411022,69314.230682,8664.689431,8583.355327
2025-02-04,96322.525171,89675.127016,0.000000,6647.398155,69718.167597,66718.407492,-2999.760104,432.668817,2125.889868,68844.297361,8583.355327,8517.384988
2025-02-05,91248.173935,89322.540602,263.431862,2189.065195,65244.186243,64594.329869,-649.856374,150.041238,740.450148,65334.780017,8517.384988,8474.955406
2025-02-06,97750.780009,89302.731807,0.000000,8448.048202,70605.917893,66814.301152,-3791.616741,329.847221,1755.737652,68570.038804,8474.955406,8407.997416
2025-02-07,86405.536724,62941.587130,0.000000,23463.949595,44968.526631,37475.477839,-7493.048792,25.211190,38.579285,37514.057124,8407.997416,8804.651739
2025-02-08,75538.405081,58816.866085,0.000000,16721.538996,37814.721301,32158.472381,-5656.248920,120.225808,252.988511,32411.460892,8804.651739,9103.203205
2025-02-09,88015.352522,87700.546068,1559.525280,1874.331733,61906.669821,63356.196373,1449.526552,319.514143,1411.529969,64767.726342,9103.203205,8935.994750
2025-02-10,84764.731359,80683.528789,68.455730,4149.658301,57576.987489,55999.809369,-1577.178120,795.385567,3271.240699,59271.050068,8935.994750,8822.442834
2025-02-11,86546.557215,80773.210573,46.183868,5819.530510,59827.160699,57335.686199,-2491.474500,871.003009,4591.959741,61927.645940,8822.442834,8742.802003
2025-02-12,87558.185298,80980.202197,0.000000,6577.983101,60498.066126,57640.661540,-2857.404586,840.506010,4287.759062,61928.420601,8742.802003,8684.134022
2025-02-13,82771.725084,79419.804135,29.369687,3381.290636,55632.332694,54296.715135,-1335.617559,349.919667,1434.740259,55731.455394,8684.134022,8629.438196
2025-02-14,77679.959004,59172.899972,0.000000,18507.059032,39545.147445,33382.105879,-6163.041565,37.726034,65.320236,33447.426115,8629.438196,9001.603677
2025-02-15,76279.996036,55366.022197,0.000000,20913.973839,38326.654727,31868.230869,-6458.423858,228.238078,389.479754,32257.710623,9001.603677,9263.600815
2025-02-16,83793.067220,77909.840256,254.974722,6138.201686,57298.251628,55125.647206,-2172.604422,2604.921533,11920.801364,67046.448570,9263.600815,9156.325388
2025-02-17,84104.358206,76434.328355,235.435492,7905.465343,57025.568215,54336.118754,-2689.449461,1008.284142,4380.049634,58716.168388,9156.325388,9008.220100
2025-02-18,75457.611293,79601.850958,4144.716487,0.476821,49807.082551,54527.774427,4720.691876,438.936171,1989.434470,56517.208897,9008.220100,8892.627496
2025-02-19,77189.291975,78620.928958,1554.109904,122.472920,51499.662000,53261.972585,1762.310586,1137.316307,4555.285522,57817.258107,8892.627496,8808.876339
2025-02-20,81462.004259,78910.189272,235.088605,2786.903592,55059.194578,54335.788406,-723.406172,402.433919,1747.778280,56083.566686,8808.876339,8732.306097
2025-02-21,72516.443542,57325.669286,0.000000,15190.774257,36011.618742,31151.741829,-4859.876913,26.744004,33.216053,31184.957882,8732.306097,9033.180677
2025-02-22,71620.461251,54885.506752,0.000000,16734.954499,35374.329073,30031.803270,-5342.525802,83.954050,159.968693,30191.771963,9033.180677,9311.269761
2025-02-23,75999.411518,76239.076494,2286.046550,2046.381574,49854.276010,52363.704543,2509.428533,1498.153877,6126.628014,58490.332557,9311.269761,9146.933494
2025-02-24,73952.885253,75475.531249,1637.224878,114.578882,49147.478459,50682.406968,1534.928509,802.042051,3917.249606,54599.656574,9146.933494,9043.318494
2025-02-25,77402.011783,72634.622364,323.629989,5091.019408,50294.539303,48951.419777,-1343.119526,717.167218,3020.987608,51972.407385,9043.318494,8942.533777
2025-02-26,71236.692609,75736.042645,4504.154601,4.804564,46269.823396,51660.545041,5390.721645,598.717654,2469.970903,54130.515943,8942.533777,8844.410672
2025-02-27,73595.423378,73905.007603,964.343859,654.759635,47214.791062,48122.358722,907.567660,564.567784,2736.107726,50858.466448,8844.410672,8787.395323
2025-02-28,67039.927710,55218.335511,0.000000,11821.592199,31884.123015,28095.843327,-3788.279689,0.000000,0.000000,28095.843327,8787.395323,9045.679710
2025-03-01,74989.821295,51010.410135,0.000000,23979.411160,36332.137448,29254.645877,-7077.491571,6.547680,9.860806,29264.506683,9045.679710,9316.107878
2025-03-02,77882.876873,78388.431699,1715.191460,1209.636634,51185.219039,53040.174585,1854.955546,1451.701384,7263.942253,60304.116838,9316.107878,9262.240686
2025-03-03,81354.558372,76387.664614,810.154631,5777.048389,53834.981754,52655.946093,-1179.035661,1820.892753,8065.365232,60721.311325,9262.240686,9174.593918
2025-03-04,73307.693830,74982.242699,1777.961059,103.412190,47742.555958,49584.149849,1841.593890,1412.350795,5521.528982,55105.678831,9174.593918,9112.992506
2025-03-05,78259.672745,72557.443230,0.000000,5702.229514,50350.053385,48186.405676,-2163.647708,1009.170894,4587.705245,52774.110921,9112.992506,9070.224974
2025-03-06,74427.747365,74075.327464,559.425656,911.845556,47731.310175,47996.690838,265.380663,393.201718,1481.166380,49477.857218,9070.224974,9022.949397
2025-03-07,72895.197833,50690.016173,0.000000,22205.181660,34317.254846,27757.199882,-6560.054963,26.846348,37.880365,27795.080247,9022.949397,9328.704887
2025-03-08,63683.500614,49493.363028,0.000000,14190.137586,29199.817725,25176.991213,-4022.826511,0.000000,0.000000,25176.991213,9328.704887,9595.165268
2025-03-09,73373.831639,68560.745984,816.896508,5629.982162,45592.701211,44995.784712,-596.916499,1141.585245,4456.808103,49452.592815,9595.165268,9440.957318
2025-03-10,71268.799296,74226.127589,2959.037789,1.709496,45804.745287,49771.928402,3967.183115,830.489822,3166.726863,52938.655265,9440.957318,9330.318814
2025-03-11,64006.436847,71506.980502,7502.925130,2.381476,40604.366690,47969.248042,7364.881352,464.653958,1998.836613,49968.084655,9330.318814,9226.714064
2025-03-12,74937.452957,69795.758093,46.164434,5187.859299,47480.861370,45721.552421,-1759.308949,336.335651,1039.145783,46760.698204,9226.714064,9157.916774
2025-03-13,75912.790916,75926.120819,680.006883,666.676979,49387.898235,49961.526143,573.627908,385.013919,1631.482354,51593.008498,9157.916774,9099.883700
2025-03-14,61459.952693,48535.377289,0.000000,12924.575404,28868.352425,24870.341886,-3998.010539,0.000000,0.000000,24870.341886,9099.883700,9387.896100
2025-03-15,65540.354891,51664.284358,0.000000,13876.070533,30699.139324,26387.689611,-4311.449712,66.249753,137.963760,26525.653371,9387.896100,9646.912978
2025-03-16,68369.605745,69780.752177,1555.078095,143.931663,42963.058628,44693.581458,1730.522829,942.615227,3903.107287,48596.688744,9646.912978,9456.695220
2025-03-17,65538.937984,63219.726334,1559.880874,3879.092524,39373.806984,40637.943875,1264.136891,1596.320544,6683.751569,47321.695444,9456.695220,9298.590492
2025-03-18,75225.584539,68922.352370,357.402647,6660.634816,47329.244289,45498.267851,-1830.976438,384.581118,1777.294866,47275.562717,9298.590492,9179.927651
2025-03-19,62499.167590,67758.020976,5259.742635,0.889248,38888.217334,43803.604691,4915.387357,1026.224010,3915.551288,47719.155978,9179.927651,9085.401173
2025-03-20,71990.697283,67852.676266,642.298162,4780.319179,45238.096917,44339.212715,-898.884202,1367.552632,5129.481893,49468.694608,9085.401173,9030.672897
2025-03-21,62876.217194,47346.182267,0.000000,15530.034927,27832.961905,23905.498611,-3927.463294,0.000000,0.000000,23905.498611,9030.672897,9318.828396
2025-03-22,63099.332619,46988.161270,0.000000,16111.171349,28383.277080,24152.279453,-4230.997627,51.365039,88.977661,24241.257114,9318.828396,9585.901247
2025-03-23,69254.182218,66066.185630,384.129526,3572.126114,42698.229052,42116.553139,-581.675913,715.114364,2671.541793,44788.094932,9585.901247,9417.159622
2025-03-24,66347.591347,65706.212542,1705.311355,2346.690159,40622.901899,42305.161154,1682.259254,688.125744,2264.458252,44569.619406,9417.159622,9276.760455
2025-03-25,74531.435876,66570.675890,261.313335,8222.073321,46274.930522,44029.930724,-2244.999797,857.075846,3103.415702,47133.346427,9276.760455,9145.785342
2025-03-26,65261.874500,64129.170172,1301.148640,2433.852968,39958.762387,40803.685345,844.922958,349.630463,1274.732381,42078.417725,9145.785342,9053.553692
2025-03-27,69824.140600,66156.691676,418.377605,4085.826529,43011.091547,42236.125557,-774.965990,931.427795,3617.379042,45853.504600,9053.553692,8897.587787
2025-03-28,60343.232343,46802.231189,0.000000,13541.001154,28160.869368,23922.320496,-4238.548872,0.000000,0.000000,23922.320496,8897.587787,9193.296765
2025-03-29,52975.163053,46508.689315,0.000000,6466.473738,24541.471841,22014.344578,-2527.127263,20.105451,43.015612,22057.360190,9193.296765,9450.952361
2025-03-30,64317.112283,59713.839691,574.761571,5178.034163,37765.222296,37431.502524,-333.719773,1774.946595,6817.867372,44249.369896,9450.952361,9264.264920
2025-03-31,56674.523586,63811.688076,7137.164490,0.000000,34768.105932,41029.812433,6261.706501,728.475338,2808.554288,43838.366721,9264.264920,9054.420581
2025-04-01,71265.955423,68072.576790,738.140751,3931.519384,44103.400734,43788.182903,-315.217832,630.095383,2028.674322,45816.857225,9054.420581,8963.986260
2025-04-02,68354.237806,68770.364716,863.012884,446.885973,41952.642268,42656.722062,704.079794,548.977248,1949.560716,44606.282778,8963.986260,8894.701171
2025-04-03,70784.921414,65127.673565,13.601370,5670.849219,43949.733118,42089.032780,-1860.700338,362.760143,1118.889861,43207.922641,8894.701171,8822.883971
2025-04-04,54761.750242,46649.283397,0.000000,8112.466845,25283.249556,22236.133501,-3047.116055,0.000000,0.000000,22236.133501,8822.883971,9099.058757
2025-04-05,52812.027214,43909.552618,0.000000,8902.474595,24302.917082,21272.231682,-3030.685400,157.941882,534.776001,21807.007683,9099.058757,9391.813969
2025-04-06,62676.939592,61209.908545,1749.441246,3216.472293,37076.987213,38666.624837,1589.637624,591.256970,2135.852478,40802.477314,9391.813969,9236.040518
2025-04-07,56322.375068,58624.247579,2310.146837,8.274326,33746.930739,35984.843060,2237.912321,1077.951934,4546.978157,40531.821216,9236.040518,9151.332566
2025-04-08,66170.033683,61040.247903,71.276551,5201.062330,39499.944768,38125.882950,-1374.061818,619.937913,2723.006076,40848.889026,9151.332566,9050.691360
2025-04-09,64774.629884,66683.339389,2054.301477,145.591972,39203.303125,40998.911682,1795.608557,335.556075,1366.586014,42365.497696,9050.691360,8958.535371
2025-04-10,64499.794952,63152.355535,828.229312,2175.668730,39270.377106,38859.759201,-410.617905,620.770329,2716.769131,41576.528332,8958.535371,8887.867014
2025-04-11,49648.237310,42047.110377,0.000000,7601.126933,23063.241669,20147.816580,-2915.425089,0.000000,0.000000,20147.816580,8887.867014,9178.658616
2025-04-12,59898.653146,43395.463995,0.000000,16503.189151,26396.446670,22074.173215,-4322.273455,14.954918,33.129608,22107.302823,9178.658616,9440.381590
2025-04-13,57567.145916,59082.469199,1536.580936,21.257653,34512.132865,35868.591781,1356.458916,1199.985046,5067.434181,40936.025962,9440.381590,9308.375932
2025-04-14,62174.835183,56040.927952,0.000000,6133.907231,37172.899315,35174.170885,-1998.728430,2020.569889,7661.881149,42836.052034,9308.375932,9221.836424
2025-04-15,54525.691847,56968.892541,2453.419381,10.218687,32333.416082,34283.307712,1949.891630,640.154131,2768.404502,37051.712213,9221.836424,9131.557193
2025-04-16,62951.875332,62284.678472,742.834283,1410.031142,37525.798580,38118.505800,592.707220,721.350916,2802.182864,40920.688665,9131.557193,9056.338626
2025-04-17,57066.760018,60332.400356,3360.541604,94.901267,34800.882278,37113.860130,2312.977852,480.910403,2152.219517,39266.079647,9056.338626,8991.607600
2025-04-18,51221.832508,43220.474757,0.000000,8001.357752,23665.042638,20611.092797,-3053.949841,0.000000,0.000000,20611.092797,8991.607600,9279.379270
2025-04-19,53120.755670,44208.831847,0.000000,8911.923823,23234.187046,20587.916062,-2646.270984,24.196501,42.777638,20630.693700,9279.379270,9558.428570
2025-04-20,54255.915330,58561.124467,4305.209137,0.000000,32461.691658,36880.297473,4418.605815,1053.918109,4178.065739,41058.363212,9558.428570,9319.255210
2025-04-21,59324.170940,55388.574749,291.478061,4227.074252,34629.636496,34022.561908,-607.074588,1225.474708,4355.706944,38378.268852,9319.255210,9164.363224
2025-04-22,54465.873446,58479.301981,4029.666859,16.238324,32718.974220,36089.864608,3370.890388,929.335078,3738.415673,39828.280281,9164.363224,9077.804369
2025-04-23,53322.774997,59944.797536,6622.487301,0.464762,32115.857534,37493.643409,5377.785875,406.785362,1347.237930,38840.881339,9077.804369,8979.595022
2025-04-24,56635.468230,58099.941000,1508.634297,44.161528,33765.027779,35057.748307,1292.720527,456.980761,1705.023773,36762.772080,8979.595022,8902.928697
2025-04-25,49522.682450,40867.253248,0.000000,8655.429202,22503.678770,19388.180581,-3115.498189,0.000000,0.000000,19388.180581,8902.928697,9173.341781
2025-04-26,47205.489000,40331.976535,0.000000,6873.512465,22179.408359,19532.791103,-2646.617256,10.505890,21.484544,19554.275647,9173.341781,9418.608133
2025-04-27,51727.350495,55111.242613,3391.582718,7.690600,30834.424920,34075.832117,3241.407196,1211.137774,4843.562919,38919.395036,9418.608133,9305.305938
2025-04-28,64406.731063,64518.019332,1179.414733,1068.126464,38464.208287,39760.163314,1295.955027,501.301891,1994.713134,41754.876448,9305.305938,9094.284437
2025-04-29,54853.869046,56224.113540,1376.558550,6.314055,32601.315090,33965.975625,1364.660535,306.904938,1408.944768,35374.920393,9094.284437,9003.553465
2025-04-30,53162.740989,53604.483190,441.742201,0.000000,31657.374868,32062.758478,405.383609,1578.790491,5644.454630,37707.213108,9003.553465,8880.462091
2025-05-01,57129.238181,56536.954750,0.000000,592.283431,35486.460672,35193.949000,-292.511673,2966.765708,14087.354296,49281.303296,8880.462091,8831.712501
2025-05-02,62249.626302,46439.728539,0.000000,15809.897763,28928.442324,24455.827247,-4472.615077,84.431262,169.477928,24625.305175,8831.712501,9114.117090
2025-05-03,55714.901085,42128.758011,0.000000,13586.143075,25387.131333,21654.607955,-3732.523378,149.920875,712.726688,22367.334643,9114.117090,9368.534165
2025-05-04,58273.059010,52854.948560,456.000106,5874.110556,35774.364285,34975.571432,-798.792853,4052.202305,16617.915681,51593.487113,9368.534165,9161.495285
2025-05-05,60764.484446,60258.827231,307.254578,812.911794,37523.704934,37635.829850,112.124916,1708.511219,7677.702168,45313.532018,9161.495285,8983.078840
2025-05-06,53557.061806,58026.971142,4469.909336,0.000000,33746.599066,38072.499916,4325.900850,1629.050211,7123.371544,45195.871461,8983.078840,8834.453950
2025-05-07,58337.951905,61550.284243,3249.543364,37.211026,36741.181549,39268.372642,2527.191093,1029.945045,5196.636569,44465.009211,8834.453950,8767.420490
2025-05-08,66822.617520,63671.499252,91.257846,3242.376115,40673.641065,39939.389801,-734.251264,765.904961,3675.483363,43614.873164,8767.420490,8713.325019
2025-05-09,62961.309968,46879.815378,0.000000,16081.494591,27965.599454,24085.595786,-3880.003668,0.000000,0.000000,24085.595786,8713.325019,9008.034329
2025-05-10,58852.672715,45258.023882,0.000000,13594.648833,26563.630138,23105.174793,-3458.455345,48.804769,86.428239,23191.603031,9008.034329,9285.488826
2025-05-11,60696.945426,59916.042332,1453.443448,2234.346543,36894.449585,38488.582569,1594.132984,1446.800836,5724.613841,44213.196410,9285.488826,9109.141812
2025-05-12,54099.434547,58592.001409,4492.566862,0.000000,33957.499451,38455.761216,4498.261766,689.049100,2714.831495,41170.592711,9109.141812,8965.428075
2025-05-13,65694.217105,59119.193707,706.693602,7281.717000,39929.313931,38869.105748,-1060.208182,1108.647037,5093.237411,43962.343159,8965.428075,8900.817023
2025-05-14,64473.128410,61236.098520,641.402625,3878.432515,39607.476904,38887.151260,-720.325644,561.246546,2239.805690,41126.956950,8900.817023,8831.099069
2025-05-15,64086.026424,61055.611648,741.456721,3771.871497,40697.023545,39752.157311,-944.866234,507.625234,2098.643869,41850.801180,8831.099069,8791.476112
2025-05-16,53346.720622,43514.721575,0.000000,9831.999047,26091.157220,22568.726799,-3522.430421,16.771685,46.606947,22615.333746,8791.476112,8965.659606
2025-05-17,59303.663198,42811.269040,0.000000,16492.394158,27802.432759,23528.067162,-4274.365597,20.246453,41.650821,23569.717983,8965.659606,9216.493930
2025-05-18,64737.822404,61143.500225,355.610287,3949.932467,39193.341928,38704.733894,-488.608033,823.760942,2634.471323,41339.205217,9216.493930,9086.032586
2025-05-19,58931.851208,57432.115195,603.677416,2103.413429,36002.034724,36285.318931,283.284207,331.199405,1764.646908,38049.965840,9086.032586,9011.010820
2025-05-20,59800.046141,61205.261251,1405.259687,0.044578,36684.907712,37846.960054,1162.052342,617.265690,2668.497059,40515.457113,9011.010820,8944.884318
2025-05-21,56643.898345,59644.689618,3101.919109,101.127835,36175.118380,38462.662702,2287.544322,515.896747,1690.095151,40152.757853,8944.884318,8914.544495
2025-05-22,60744.092169,59343.864446,0.000000,1400.227723,38006.838821,37420.690764,-586.148057,328.317647,1173.255869,38593.946633,8914.544495,8886.330874
2025-05-23,57792.742264,47758.288729,0.000000,10034.453535,26984.475595,23870.423810,-3114.051785,0.000000,0.000000,23870.423810,8886.330874,9173.178818
2025-05-24,50058.351074,42104.312342,0.000000,7954.038732,24779.647863,21781.624516,-2998.023347,0.000000,0.000000,21781.624516,9173.178818,9431.702906
2025-05-25,58379.898926,55916.663647,939.113595,3402.348873,35838.982234,36478.767769,639.785535,761.544350,2824.402862,39303.170631,9431.702906,9291.214182
2025-05-26,57081.866755,63750.708004,6671.314662,2.473413,35418.398482,40992.557615,5574.159133,462.466489,1392.888152,42385.445767,9291.214182,9196.195827
2025-05-27,55155.969168,56892.050182,1761.600474,25.519460,34937.489981,35913.790994,976.301014,802.846366,3228.681809,39142.472804,9196.195827,9146.025729
2025-05-28,64687.634417,61893.624711,303.139468,3097.149174,39771.841693,39302.126769,-469.714924,347.784545,886.983573,40189.110342,9146.025729,9081.705984
2025-05-29,64572.342553,64190.072231,937.587746,1319.858068,39830.043001,40239.711195,409.668194,353.332553,1299.685779,41539.396974,9081.705984,9034.785148
2025-05-30,60766.963262,48233.426575,0.000000,12533.536687,28774.334934,25136.756705,-3637.578229,0.000000,0.000000,25136.756705,9034.785148,9320.984880
2025-05-31,61595.703056,45202.505119,0.000000,16393.197937,27847.811043,23638.490458,-4209.320585,139.770816,354.509086,23992.999545,9320.984880,9590.898371
2025-06-01,75683.292078,70922.227462,904.293243,5665.357859,51732.422628,50765.585643,-966.836984,6552.321716,27799.416139,78565.001782,9590.898371,9378.114070
2025-06-02,78489.999188,67712.980604,381.612169,11158.630752,53252.185368,50085.344237,-3166.841131,5893.945747,24668.149748,74753.493985,9378.114070,9222.641709
2025-06-03,74044.496756,71990.462025,208.973069,2263.007799,49646.825252,49233.844307,-412.980945,3670.199301,15205.334629,64439.178937,9222.641709,9106.619052
2025-06-04,86083.778749,74704.354510,325.438518,11704.862757,59242.790267,55430.620065,-3812.170202,2623.102802,9090.846825,64521.466890,9106.619052,8976.038887
2025-06-05,76249.617805,76195.597253,1197.842547,1251.863099,51890.238413,53170.613480,1280.375067,2312.573501,9246.783956,62417.397435,8976.038887,8918.019378
2025-06-06,77038.980298,53572.130930,0.000000,23466.849368,41634.812915,34226.370248,-7408.442667,307.760557,696.621370,34922.991618,8918.019378,9217.625388
2025-06-07,80216.557226,56471.602626,0.000000,23744.954601,42512.714929,35119.999837,-7392.715091,141.003209,477.569137,35597.568975,9217.625388,9491.438927
2025-06-08,71999.599970,69218.264068,1678.538820,4459.874722,47957.445271,48658.852339,701.407068,1825.414175,7626.894088,56285.746427,9491.438927,9347.734498
2025-06-09,82721.001484,76067.143417,87.873746,6741.731813,57496.249666,55025.011572,-2471.238094,1938.526442,8185.432709,63210.444280,9347.734498,9254.651703
2025-06-10,77381.079852,78010.268089,1298.394633,669.206395,53040.606375,54342.342850,1301.736476,1344.768755,5121.766672,59464.109522,9254.651703,9211.709175
2025-06-11,84453.894854,84102.888458,70.018842,421.025238,59325.910143,59220.134213,-105.775930,780.640169,3329.639005,62549.773218,9211.709175,9176.584393
2025-06-12,84115.695871,80530.631090,0.000000,3585.064781,58508.366567,57041.156312,-1467.210255,820.188078,3793.403484,60834.559796,9176.584393,9149.649267
2025-06-13,77323.523876,58533.903755,0.000000,18789.620121,41139.837937,35148.676568,-5991.161368,139.152750,333.776061,35482.452630,9149.649267,9335.027281
2025-06-14,75743.869585,55015.603958,0.000000,20728.265627,40514.631765,34269.003328,-6245.628437,60.269756,142.465957,34411.469284,9335.027281,9645.238152
2025-06-15,74407.050328,78661.205581,4444.070490,189.915237,50915.092777,55151.429985,4236.337208,849.588387,4030.367139,59181.797124,9645.238152,9511.990406
2025-06-16,79679.580837,80881.472482,1643.037044,441.145400,55500.718656,57012.225434,1511.506778,679.497519,3094.556121,60106.781555,9511.990406,9380.280110
2025-06-17,83239.553220,83292.281248,1514.834446,1462.106419,58233.812943,59456.209699,1222.396756,919.758002,4482.414448,63938.624147,9380.280110,9321.731332
2025-06-18,85183.439607,82032.359796,400.057594,3551.137404,59321.470552,58247.622087,-1073.848465,413.854145,1724.804204,59972.426291,9321.731332,9296.011514
2025-06-19,81183.096720,78862.915201,2921.637036,5241.818556,55242.081741,56894.202969,1652.121228,641.171359,2858.950126,59753.153095,9296.011514,9258.187044
2025-06-20,76300.112460,56477.145056,0.000000,19822.967404,40075.057625,34428.701922,-5646.355702,0.000000,0.000000,34428.701922,9258.187044,9548.969493
2025-06-21,68751.410767,55386.709036,0.000000,13364.701731,35802.621867,31799.803284,-4002.818583,0.000000,0.000000,31799.803284,9548.969493,9634.083642
2025-06-22,74743.711235,74616.657297,2858.242703,2985.296640,50483.020680,53639.062153,3156.041473,1395.296501,6397.148827,60036.210979,9634.083642,9496.984437
2025-06-23,77404.329255,76468.051198,14.619446,950.897503,52950.026565,52593.213974,-356.812591,722.112174,3491.959955,56085.173929,9496.984437,9414.851722
2025-06-24,89641.364212,86525.498531,26.195334,3142.061016,63958.861006,62669.961282,-1288.899724,711.478451,3355.241505,66025.202787,9414.851722,9350.715542
2025-06-25,81394.372569,81730.106314,1910.667488,1574.933743,55461.098968,57199.946641,1738.847673,555.279216,2818.538495,60018.485136,9350.715542,9324.489323
2025-06-26,78713.066072,78991.188107,392.695254,114.573219,53863.472440,54125.157639,261.685199,401.433077,1722.283152,55847.440791,9324.489323,9296.302016
2025-06-27,75040.720648,54982.133671,0.000000,20058.586976,38694.254896,32860.643519,-5833.611376,0.000000,0.000000,32860.643519,9296.302016,9632.804674
2025-06-28,71556.979344,57199.922056,0.000000,14357.057288,37492.829147,33048.373270,-4444.455877,0.000000,0.000000,33048.373270,9632.804674,9819.510275
2025-06-29,73484.802209,78122.549268,5126.714993,488.967935,49576.187312,55985.946337,6409.759025,1482.780634,6050.351639,62036.297975,9819.510275,9628.739371
2025-06-30,80276.992581,78815.513786,363.646737,1825.125533,54819.593022,54717.888063,-101.704960,1066.767403,4664.243007,59382.131070,9628.739371,9542.991586
2025-07-01,71748.504136,79193.184125,7444.679989,0.000000,52827.930572,62186.737459,9358.806887,5591.334072,20441.230400,82627.967859,9542.991586,9173.213619
2025-07-02,70494.676904,73766.981719,3272.304815,0.000000,52610.001590,56475.783278,3865.781688,4594.033068,18114.821530,74590.604808,9173.213619,8831.484384
2025-07-03,82088.807574,84603.086895,2963.937040,449.657718,61645.596070,65773.766334,4128.170263,3252.794246,11999.228027,77772.994360,8831.484384,8556.413948
2025-07-04,67234.481566,57326.113503,0.000000,9908.368063,40402.100659,36673.939594,-3728.161065,168.112674,530.496404,37204.435999,8556.413948,8902.192941
2025-07-05,65099.309593,56386.805679,0.000000,8712.503914,38723.296342,35471.262284,-3252.034058,93.116183,239.638560,35710.900844,8902.192941,9130.297773
2025-07-06,74716.004833,85433.659404,10719.583056,1.928485,56553.802332,69337.603245,12783.800913,2570.075775,9935.696131,79273.299377,9130.297773,8809.375112
2025-07-07,77748.525549,76840.080710,1049.218345,1957.663183,57508.304499,58779.649276,1271.344778,3199.076659,12728.558722,71508.207998,8809.375112,8578.811018
2025-07-08,84991.459811,81608.629004,900.471038,4283.301845,63401.263900,63406.045075,4.781175,1537.439746,6905.667594,70311.712669,8578.811018,8444.393581
2025-07-09,87771.835722,82939.306844,674.566508,5507.095386,64910.761760,64100.627133,-810.134627,415.058705,1903.458595,66004.085728,8444.393581,8278.602596
2025-07-10,81940.490307,80716.149820,344.889898,1569.230384,61398.625114,61376.300617,-22.324497,1118.700385,4398.144646,65774.445264,8278.602596,8161.620682
2025-07-11,83956.461516,64126.585380,0.000000,19829.876136,49832.301829,43235.839750,-6596.462079,0.000000,0.000000,43235.839750,8161.620682,8570.025132
2025-07-12,71365.129472,62085.306918,0.000000,9279.822553,43035.013669,39275.131991,-3759.881678,31.486536,82.781718,39357.913709,8570.025132,8939.327614
2025-07-13,85043.238144,75603.873194,130.502721,9569.867672,62035.531961,58868.132032,-3167.399929,1410.641495,6463.619502,65331.751534,8939.327614,8811.882051
2025-07-14,81787.051468,78610.051303,1032.571768,4209.571933,59780.869053,60177.464911,396.595859,1076.737255,5258.470138,65435.935049,8811.882051,8743.381062
2025-07-15,87375.523394,78888.346385,0.000000,8487.177009,64235.884812,61288.893118,-2946.991694,1754.722710,7878.078857,69166.971975,8743.381062,8720.144260
2025-07-16,85106.487114,81341.873875,0.000000,3764.613239,64638.034272,62983.204448,-1654.829824,789.457489,3353.005120,66336.209568,8720.144260,8709.826956
2025-07-17,84536.620586,82744.227946,490.102267,2282.494907,63010.553279,62977.327863,-33.225417,505.415499,2523.240100,65500.567962,8709.826956,8724.550416
2025-07-18,88860.796541,64457.136526,0.000000,24403.660015,51777.415269,43842.924475,-7934.490794,16.347031,53.650955,43896.575430,8724.550416,9076.505525
2025-07-19,84325.597723,63318.362355,0.000000,21007.235368,49061.479407,42543.148232,-6518.331175,85.647421,146.181267,42689.329500,9076.505525,9373.332538
2025-07-20,86874.032444,82791.648359,633.788529,4716.172613,63254.408418,62908.200821,-346.207596,776.357744,3794.913883,66703.114705,9373.332538,9280.189075
2025-07-21,88454.764982,85694.790280,43.895531,2803.870234,66017.026659,65179.664434,-837.362225,275.681766,1336.633176,66516.297610,9280.189075,9246.008768
2025-07-22,85647.996694,86181.363233,2491.574478,1958.207939,63989.144543,65409.452042,1420.307498,241.738321,1100.516082,66509.968124,9246.008768,9232.638143
2025-07-23,97455.066053,84139.104565,0.000000,13315.961488,72443.320943,67445.650545,-4997.670398,1160.748418,5305.057090,72750.707635,9232.638143,9230.160926
2025-07-24,97277.697633,85838.563631,0.000000,11439.134002,73171.241266,68375.854445,-4795.386821,248.731597,1293.591392,69669.445836,9230.160926,9274.940078
2025-07-25,79013.097631,63641.395716,0.000000,15371.701915,46766.575882,41342.447644,-5424.128238,0.000000,0.000000,41342.447644,9274.940078,9638.720323
2025-07-26,82986.824437,64068.647324,0.000000,18918.177113,48232.182450,42258.207820,-5973.974629,0.000000,0.000000,42258.207820,9638.720323,9860.085080
2025-07-27,85074.806602,82722.630142,626.964845,2979.141305,62471.485416,62173.460349,-298.025067,879.307387,4483.327372,66656.787721,9860.085080,9879.634622
2025-07-28,88988.185754,87959.983239,130.636336,1158.838851,66586.008742,66281.603862,-304.404880,829.749141,4201.433567,70483.037429,9879.634622,9868.407446
2025-07-29,87076.926140,89911.742359,3260.195979,425.379760,64945.745548,68469.788321,3524.042774,101.683863,632.815450,69102.603771,9868.407446,9884.206524
2025-07-30,80263.862285,86388.713272,6388.335740,263.484753,60705.158503,67337.022064,6631.863560,141.366682,659.178649,67996.200713,9884.206524,9881.921251
2025-07-31,84819.686230,86679.928994,2101.640606,241.397842,62949.719545,65081.076720,2131.357176,182.762656,885.409651,65966.486371,9881.921251,9815.642705
2025-08-01,76395.046242,61229.114925,0.000000,15165.931316,45475.584244,40159.801102,-5315.783142,10.952499,30.546519,40190.347622,9815.642705,10025.552459
2025-08-02,82411.015003,59108.969747,0.000000,23302.045256,45824.396850,39325.854112,-6498.542738,140.977152,466.728125,39792.582237,10025.552459,10255.847289
2025-08-03,69707.099380,68613.640452,38.606819,1132.065747,51820.975360,51480.120955,-340.854405,1546.067665,7727.211999,59207.332954,10255.847289,10178.647463
2025-08-04,74867.744098,73657.984982,525.967696,1735.726812,55979.793898,55882.405645,-97.388253,919.467697,4143.211947,60025.617593,10178.647463,10014.769577
2025-08-05,74065.357773,74119.208704,1544.440392,1490.589460,55109.519647,55493.609842,384.090195,420.671260,2055.082146,57548.691988,10014.769577,9975.226230
2025-08-06,82221.383385,77416.935462,0.000000,4804.447923,62362.368773,60097.318614,-2265.050159,472.789630,2373.606155,62470.924769,9975.226230,9957.532588
2025-08-07,85086.235158,73287.046027,156.150015,11955.339146,60650.518398,57752.148184,-2898.370215,357.750118,1690.137687,59442.285871,9957.532588,9924.061912
2025-08-08,67117.846951,57716.011245,0.000000,9401.835706,40151.185405,36084.131069,-4067.054336,0.000000,0.000000,36084.131069,9924.061912,10138.255783
2025-08-09,69157.044298,55709.790660,0.000000,13447.253637,40399.916206,35943.984245,-4455.931961,7.053585,22.470369,35966.454614,10138.255783,10200.000000
2025-08-10,74352.804883,72438.040040,860.856362,2775.621204,55026.722039,55554.968874,528.246835,1108.770785,5002.990372,60557.959246,10200.000000,9978.543170
2025-08-11,72972.641733,73508.831320,1448.504906,912.315319,52661.053039,54357.913783,1696.860744,725.111891,2982.092090,57340.005873,9978.543170,9874.200578
2025-08-12,80671.457353,77680.365016,503.118230,3494.210567,58241.909224,58123.821527,-118.087696,494.669483,1979.639848,60103.461375,9874.200578,9784.747523
2025-08-13,73500.784932,75092.876841,1751.230190,159.138281,53370.512449,55138.817922,1768.305473,669.452246,3173.511419,58312.329341,9784.747523,9690.133646
2025-08-14,76218.931941,75752.120667,1495.869066,1962.680341,56280.015498,56569.339273,289.323775,439.246768,2230.441643,58799.780916,9690.133646,9673.077816
2025-08-15,79063.330698,57973.893942,0.000000,21089.436756,44349.366395,38375.101576,-5974.264818,0.000000,0.000000,38375.101576,9673.077816,9879.035761
2025-08-16,73967.910808,54277.062198,0.000000,19690.848610,42033.415135,36355.854071,-5677.561064,0.601551,3.826166,36359.680238,9879.035761,10070.223278
2025-08-17,75193.127947,69704.086000,532.452024,6021.493971,53526.936186,53085.064038,-441.872147,1381.591037,7072.483492,60157.547530,10070.223278,9991.652288
2025-08-18,73529.116590,71119.897660,0.000000,2409.218930,53897.352890,53031.349441,-866.003449,1263.302643,6561.567897,59592.917339,9991.652288,9921.134415
2025-08-19,73589.179930,72250.085106,54.207298,1393.302122,53832.399478,53486.686453,-345.713025,924.196530,4817.991433,58304.677886,9921.134415,9849.079014
2025-08-20,82932.453356,77528.241601,599.289544,6003.501299,60013.580141,58870.670410,-1142.909731,1207.465407,5426.087079,64296.757489,9849.079014,9797.638768
2025-08-21,79981.291118,74567.676504,0.000000,5413.614615,57452.476171,55915.276164,-1537.200006,430.125796,1737.046189,57652.322354,9797.638768,9747.635746
2025-08-22,71269.037261,57455.382338,0.000000,13813.654923,42143.400656,37282.841432,-4860.559224,7.620174,16.060128,37298.901559,9747.635746,9944.898875
2025-08-23,67142.138890,57174.424552,0.000000,9967.714338,38608.438824,35018.867193,-3589.571630,29.289401,82.662058,35101.529252,9944.898875,10137.571083
2025-08-24,70941.063514,71630.957725,1397.954235,708.060024,52705.162069,54060.657422,1355.495354,1170.469895,4888.288057,58948.945479,10137.571083,9976.240191
2025-08-25,93853.417213,77257.825192,105.478944,16701.070965,67647.748596,62163.039586,-5484.709010,1165.642825,5504.189999,67667.229585,9976.240191,9871.670544
2025-08-26,73442.804266,73277.933452,234.589115,399.459929,54366.919503,54643.853913,276.934410,863.411750,3697.054237,58340.908150,9871.670544,9727.277390
2025-08-27,75545.420040,79296.736828,3757.112027,5.795239,55394.791014,59116.646186,3721.855172,155.037507,746.470959,59863.117146,9727.277390,9607.423518
2025-08-28,75651.079955,79110.076713,3575.290754,116.293997,54679.349478,58574.868426,3895.518948,986.384003,4405.076422,62979.944848,9607.423518,9544.016391
2025-08-29,78829.640651,59782.316962,0.000000,19047.323689,44513.258177,38966.949946,-5546.308231,0.000000,0.000000,38966.949946,9544.016391,9628.206499
2025-08-30,71233.311553,55650.110577,0.000000,15583.200976,41619.794423,36574.013709,-5045.780715,32.943296,84.884206,36658.897915,9628.206499,9811.969178
2025-08-31,70620.342589,72456.394634,1917.618650,81.566605,51691.160238,53784.345845,2093.185607,1880.753223,8222.779243,62007.125088,9811.969178,9710.195477
2025-09-01,81040.775527,71012.096417,0.000000,10028.679110,51423.136636,48818.839602,-2604.297034,150.164665,575.652815,49394.492417,9710.195477,9663.735383
2025-09-02,71083.912434,70545.309393,1210.126579,1748.729621,45550.575416,46045.944151,495.368735,61.668923,329.895498,46375.839649,9663.735383,9610.356432
2025-09-03,75654.291932,70018.723685,0.000000,5635.568246,49959.844475,48393.341438,-1566.503037,81.127289,314.811887,48708.153325,9610.356432,9587.427953
2025-09-04,73444.434088,68344.439570,0.000000,5099.994517,48653.226392,47049.412258,-1603.814134,533.105629,1600.577626,48649.989884,9587.427953,9551.427509
2025-09-05,61864.401612,51504.274970,0.000000,10360.126642,32567.703377,28679.857310,-3887.846068,0.000000,0.000000,28679.857310,9551.427509,9770.207333
2025-09-06,60283.142880,51104.250771,0.000000,9178.892109,31239.104458,27688.842886,-3550.261572,0.000000,0.000000,27688.842886,9770.207333,9856.808371
2025-09-07,64034.172885,67180.082256,4087.924004,942.014633,41603.434194,44918.127078,3314.692884,408.246186,2044.675670,46962.802748,9856.808371,9731.149706
2025-09-08,71810.723336,70946.346093,1446.122026,2310.499270,46054.547500,47278.012452,1223.464952,253.460421,986.215346,48264.227798,9731.149706,9597.770292
2025-09-09,61698.920651,63192.181248,1561.988383,68.727785,41041.477055,42673.405393,1631.928338,620.226512,2375.283084,45048.688477,9597.770292,9499.536870
2025-09-10,74402.883479,70611.895779,997.870212,4788.857911,48027.823954,47742.090757,-285.733197,510.013648,2180.836262,49922.927019,9499.536870,9413.365010
2025-09-11,73805.255857,64017.080360,162.114955,9950.290453,46928.029207,44553.065805,-2374.963403,317.046835,1177.610130,45730.675935,9413.365010,9333.291975
2025-09-12,59488.268232,50902.122288,0.000000,8586.145944,30902.954280,27453.178020,-3449.776260,0.000000,0.000000,27453.178020,9333.291975,9508.524005
2025-09-13,56893.633009,48834.391946,0.000000,8059.241063,29249.661587,26053.277417,-3196.384171,0.000000,0.000000,26053.277417,9508.524005,9701.867639
2025-09-14,72273.793372,68302.376639,428.865061,4400.281793,46648.027461,46006.220600,-641.806861,397.257040,1336.454842,47342.675442,9701.867639,9455.751396
2025-09-15,60133.660307,61948.840714,1815.180407,0.000000,39657.387565,41763.172604,2105.785038,1389.902495,5353.962133,47117.134737,9455.751396,9245.259629
2025-09-16,73136.466306,67526.467931,476.760558,6086.758933,47295.223164,46138.431783,-1156.791381,775.214893,2515.892484,48654.324267,9245.259629,9047.271819
2025-09-17,69685.295045,66345.089430,499.551552,3839.757167,45663.754985,44870.325506,-793.429478,1129.743668,4263.105144,49133.430650,9047.271819,8936.183574
2025-09-18,62486.555449,68744.251380,6295.808550,38.112619,40970.642412,45609.252351,4638.609939,351.856681,1738.916050,47348.168401,8936.183574,8818.129567
2025-09-19,62683.448516,49663.100507,0.000000,13020.348009,31370.608309,27368.237017,-4002.371292,0.000000,0.000000,27368.237017,8818.129567,9097.804517
2025-09-20,57224.205899,48167.823728,0.000000,9056.382171,28940.359406,25460.890114,-3479.469291,26.487316,55.370487,25516.260601,9097.804517,9359.913514
2025-09-21,65732.262898,65573.109732,993.780366,1152.933532,42109.670649,43513.930942,1404.260292,1077.611325,4012.448096,47526.379038,9359.913514,9070.705315
2025-09-22,70548.749893,64031.752278,636.476143,7153.473758,46122.101804,44777.881670,-1344.220133,2632.463916,9792.424660,54570.306331,9070.705315,8862.953884
2025-09-23,70258.531715,67793.963817,321.154330,2785.722228,45564.908959,45302.902840,-262.006119,1089.964855,4535.044453,49837.947293,8862.953884,8672.182078
2025-09-24,61613.151541,67187.287360,5574.135818,0.000000,40703.472727,46058.294596,5354.821869,1039.172814,3188.607094,49246.901690,8672.182078,8453.223598
2025-09-25,68445.294540,69064.455358,982.977412,363.816593,44691.576535,45335.230216,643.653681,1163.062414,4512.228092,49847.458308,8453.223598,8348.478486
2025-09-26,68843.173909,50415.759224,0.000000,18427.414685,33124.632272,27951.808642,-5172.823630,0.000000,0.000000,27951.808642,8348.478486,8716.304195
2025-09-27,55283.553938,48089.655398,0.000000,7193.898540,28663.234363,25727.978510,-2935.255853,112.937593,242.042953,25970.021463,8716.304195,8963.987717
2025-09-28,63542.388249,69056.725086,5514.336838,0.000000,41370.021122,47097.375214,5727.354092,1769.306421,6902.229799,53999.605013,8963.987717,8744.829112
2025-09-29,68327.824759,64464.098370,425.111674,4288.838063,44870.257426,44231.535659,-638.721767,3795.706361,15150.744210,59382.279870,8744.829112,8537.869744
2025-09-30,68422.730331,70941.503400,2540.361016,21.587947,45094.422743,47830.081942,2735.659198,1702.801312,6853.894763,54683.976705,8537.869744,8345.880336
2025-10-01,66725.302760,62228.233382,260.484293,4757.553672,40957.508009,40457.909857,-499.598152,158.943255,491.848167,40949.758024,8345.880336,8231.333464
2025-10-02,74464.768878,63631.951581,202.223013,11035.040310,46136.311039,43201.669356,-2934.641683,230.231574,750.108962,43951.778317,8231.333464,8073.554166
2025-10-03,58299.014046,48623.130009,0.000000,9675.884038,27064.384229,24051.804058,-3012.580172,0.000000,0.000000,24051.804058,8073.554166,8430.702821
2025-10-04,68287.167394,48659.417404,0.000000,19627.749990,31638.961498,26617.168912,-5021.792586,45.343359,112.527509,26729.696421,8430.702821,8767.532357
2025-10-05,68357.994913,61169.263300,952.357878,8141.089490,41734.432025,40948.607633,-785.824392,1222.515043,4210.129957,45158.737590,8767.532357,8565.460419
2025-10-06,59361.260325,64129.389127,4768.128802,0.000000,37888.157071,42417.101624,4528.944552,699.927703,2777.976432,45195.078056,8565.460419,8307.677854
2025-10-07,64611.120881,66860.745650,2737.715030,488.090261,39918.515926,43101.520559,3183.004634,193.692752,542.644012,43644.164571,8307.677854,8138.296179
2025-10-08,63242.433031,63372.392943,459.119387,329.159475,39553.119301,40040.279516,487.160214,677.987081,2996.550180,43036.829696,8138.296179,8027.914975
2025-10-09,74279.722473,62015.359345,0.000000,12264.363128,46442.952507,42715.185203,-3727.767304,811.835924,3733.688695,46448.873898,8027.914975,7925.216021
2025-10-10,64716.065885,48532.931255,0.000000,16183.134630,29965.837494,25519.211931,-4446.625563,0.000000,0.000000,25519.211931,7925.216021,8300.836413
2025-10-11,63255.591566,47836.106958,0.000000,15419.484608,29881.589220,25394.377380,-4487.211840,49.096500,96.595837,25490.973217,8300.836413,8626.357934
2025-10-12,62993.650258,63701.426457,1366.696630,658.920432,38418.998746,40341.392566,1922.393820,1689.253253,7729.836910,48071.229476,8626.357934,8365.713272
2025-10-13,66717.252530,62392.072067,1340.610677,5665.791139,40971.067302,41287.170127,316.102825,1342.879383,5812.731991,47099.902118,8365.713272,8226.366178
2025-10-14,70470.610484,66215.274175,1141.624775,5396.961084,44122.698029,44140.281415,17.583386,1607.191078,5838.216276,49978.497692,8226.366178,8098.017658
2025-10-15,74278.961221,67243.485954,16.450278,7051.925545,46758.068102,44385.290980,-2372.777122,1090.570941,4203.283037,48588.574017,8098.017658,8000.542765
2025-10-16,71318.377443,71611.623470,1033.316267,740.070239,45598.247515,46804.467325,1206.219810,371.983011,1508.754154,48313.221479,8000.542765,7890.685040
2025-10-17,55403.990298,48770.083613,0.000000,6633.906685,26758.853112,24026.191888,-2732.661225,0.000000,0.000000,24026.191888,7890.685040,8305.458024
2025-10-18,64444.623880,48894.623257,0.000000,15550.000622,29534.164636,25216.444104,-4317.720532,20.308602,42.610332,25259.054436,8305.458024,8647.817125
2025-10-19,67878.951540,67857.919298,1046.654237,1067.686478,43432.390477,44330.249415,897.858938,1666.987065,7652.444230,51982.693645,8647.817125,8422.820756
2025-10-20,73414.369856,71032.223974,437.800014,2819.945897,47585.847229,47250.831961,-335.015268,639.597340,3120.006536,50370.838497,8422.820756,8207.361235
2025-10-21,73610.236436,74025.351133,1358.867440,943.752743,47428.865335,48926.949861,1498.084525,393.235449,1350.134624,50277.084485,8207.361235,8033.596600
2025-10-22,71958.103789,72538.449653,935.239546,354.893681,46656.862342,47364.592732,707.730391,486.365807,2166.638584,49531.231316,8033.596600,7953.957556
2025-10-23,83173.568774,69661.455206,474.335793,13986.449361,53642.730964,49436.953416,-4205.777548,993.485811,4455.772797,53892.726212,7953.957556,7855.134245
2025-10-24,64551.176532,51418.375911,0.000000,13132.800622,31339.172369,26790.086006,-4549.086364,19.968361,32.218951,26822.304957,7855.134245,8276.089777
2025-10-25,67443.055676,49011.498140,0.000000,18431.557536,31572.514025,26369.914194,-5202.599831,0.000000,0.000000,26369.914194,8276.089777,8606.792787
2025-10-26,72523.093726,67978.500344,2015.246804,6559.840186,46717.134831,46891.212217,174.077386,2024.167833,8115.174519,55006.386736,8606.792787,8413.224160
2025-10-27,66975.861380,71673.293445,4699.183981,1.751916,42971.065817,47771.177485,4800.111668,585.503262,2700.732114,50471.909599,8413.224160,8245.627263
2025-10-28,68215.368590,71983.555985,3793.344918,25.157524,44531.477300,48638.721851,4107.244552,677.639881,2895.605740,51534.327592,8245.627263,8099.807020
2025-10-29,77812.876641,77345.491795,660.761091,1128.145936,51372.910528,51909.928253,537.017724,297.369245,1449.924020,53359.852272,8099.807020,8011.922660
2025-10-30,70136.429846,70320.085710,1296.939437,1113.283573,46419.369489,47589.939488,1170.569999,1013.305597,4525.369279,52115.308767,8011.922660,7943.720703
2025-10-31,73162.896454,54243.215596,0.000000,18919.680858,35890.159240,29836.887126,-6053.272114,1.375466,1.796358,29838.683484,7943.720703,8335.311241
2025-11-01,65886.845488,51976.935654,0.000000,13909.909833,31676.510297,26917.894852,-4758.615445,22.090136,45.976273,26963.871126,8335.311241,8670.991817
2025-11-02,72181.812337,75049.195738,3142.325527,274.942126,47468.373327,51147.753011,3679.379683,906.362010,3928.704746,55076.457757,8670.991817,8520.642554
2025-11-03,78741.869551,75002.221116,301.494650,4041.143084,52153.167458,51097.285350,-1055.882108,852.420208,3436.063255,54533.348605,8520.642554,8423.344163
2025-11-04,73666.602611,74728.118404,1160.651943,99.136149,48702.616775,50174.743022,1472.126247,837.919316,3887.974563,54062.717585,8423.344163,8365.750554
2025-11-05,83033.009269,76717.370287,71.269958,6386.908940,56169.978414,53837.165683,-2332.812731,386.308471,1576.089257,55413.254940,8365.750554,8273.671289
2025-11-06,78791.957611,79870.305029,1435.605984,357.258566,53347.353013,55190.181516,1842.828503,404.598435,1546.339946,56736.521462,8273.671289,8196.533456
2025-11-07,70257.290085,57838.862679,0.000000,12418.427406,35057.962033,30765.094826,-4292.867207,0.000000,0.000000,30765.094826,8196.533456,8552.756897
2025-11-08,71695.035032,52451.886954,0.000000,19243.148078,35249.678379,29249.674026,-6000.004353,8.399135,19.078634,29268.752660,8552.756897,9000.580197
2025-11-09,76701.299325,76502.967781,706.125156,904.456700,50874.704340,51650.298368,775.594028,1119.278263,4814.796168,56465.094537,9000.580197,8869.905068
2025-11-10,78413.997368,81814.093427,3438.007315,37.911257,53360.181813,57677.013227,4316.831414,455.054796,1696.528123,59373.541351,8869.905068,8678.456095
2025-11-11,82195.941039,78682.119156,214.422619,3728.244501,56200.874212,54932.682249,-1268.191963,311.557960,1228.620140,56161.302389,8678.456095,8569.425349
2025-11-12,79753.844230,79302.460532,1053.757133,1505.140831,53451.825637,54292.127151,840.301514,255.142281,1317.907682,55610.034833,8569.425349,8490.330304
2025-11-13,78678.987839,79739.183980,2170.955071,1110.758930,53870.704671,56186.429322,2315.724650,420.445110,1599.205141,57785.634463,8490.330304,8428.767381
2025-11-14,74131.212755,55009.783392,0.000000,19121.429363,37024.753421,30766.324058,-6258.429363,38.980914,67.238608,30833.562667,8428.767381,8807.881575
2025-11-15,77455.552460,55262.766964,0.000000,22192.785496,39275.513209,32213.003844,-7062.509365,83.600984,209.977951,32422.981795,8807.881575,9077.891878
2025-11-16,77046.788074,81305.755836,4390.118972,131.151210,52143.226024,58165.111708,6021.885684,739.427485,2678.165873,60843.277581,9077.891878,8838.923659
2025-11-17,75587.656668,80637.827172,5051.523459,1.352955,51033.810670,56977.756204,5943.945534,450.237043,1765.959494,58743.715698,8838.923659,8723.881013
2025-11-18,81269.889692,80631.836464,163.540480,801.593708,55987.490777,55899.468857,-88.021919,921.684611,4190.844091,60090.312948,8723.881013,8629.467773
2025-11-19,81514.047901,84782.752654,3323.898255,55.193502,56809.374341,61380.736178,4571.361838,220.056628,772.930320,62153.666498,8629.467773,8527.205104
2025-11-20,82207.658665,82100.549321,205.970312,313.079656,56560.818855,56687.512815,126.693960,432.222698,2042.049176,58729.561991,8527.205104,8470.469296
2025-11-21,75765.159357,59749.572528,0.000000,16015.586829,38565.914772,33195.736943,-5370.177829,110.962805,202.737280,33398.474223,8470.469296,8842.870001
2025-11-22,80114.122612,58231.521039,0.000000,21882.601573,41298.177872,34373.500155,-6924.677717,14.145060,31.045127,34404.545282,8842.870001,9101.827791
2025-11-23,78692.415779,81523.230793,2864.864752,34.049738,53722.747467,57797.807839,4075.060372,580.156834,2137.490316,59935.298156,9101.827791,8956.809072
2025-11-24,79076.656292,79353.072233,881.965158,605.549217,54157.250927,55063.830925,906.579997,1089.241209,4632.128430,59695.959355,8956.809072,8857.215023
2025-11-25,91590.659913,83847.623849,243.391095,7986.427159,64279.973464,61276.166365,-3003.807099,340.225769,1268.792401,62544.958766,8857.215023,8760.075362
2025-11-26,87381.920841,85345.195395,314.718123,2351.443569,61352.296448,60844.851661,-507.444787,369.403325,1669.783886,62514.635547,8760.075362,8693.769899
2025-11-27,85747.051164,85257.689892,148.696301,638.057573,60257.601660,60121.411127,-136.190533,204.533517,1038.742413,61160.153540,8693.769899,8630.562606
2025-11-28,78924.038784,60147.449666,0.000000,18776.589118,40364.088182,34025.502299,-6338.585883,177.809683,320.535887,34346.038186,8630.562606,8983.321916
2025-11-29,86721.157612,61807.315640,0.000000,24913.841972,45807.872378,37296.115638,-8511.756741,130.339273,259.088728,37555.204366,8983.321916,9253.403909
2025-11-30,84396.216734,86698.295924,2688.180510,386.101320,58856.120553,62693.918682,3837.798129,600.182020,2856.871234,65550.789917,9253.403909,9079.821923
2025-12-01,88823.020999,90078.226384,2022.493633,767.288248,66779.116894,70069.246854,3290.129960,3624.324425,14779.902974,84849.149828,9079.821923,8728.930289
2025-12-02,94250.039018,93965.637152,2009.993298,2294.395164,71775.028494,74170.830650,2395.802156,1991.154234,6800.932416,80971.763066,8728.930289,8472.186218
2025-12-03,86168.334779,94144.977493,7976.642713,0.000000,63770.669512,74976.501478,11205.831966,1319.797232,4125.166959,79101.668437,8472.186218,8264.627816
2025-12-04,96039.756048,93550.673390,1339.963870,3829.046527,72035.295050,72606.280154,570.985103,1666.790743,6466.733430,79073.013584,8264.627816,8053.413912
2025-12-05,87958.855373,69587.659549,0.000000,18371.195825,49331.366072,42652.887051,-6678.479020,68.239526,144.867020,42797.754072,8053.413912,8374.324951
2025-12-06,88223.601781,70500.171616,0.000000,17723.430165,50263.341776,43760.106169,-6503.235607,68.649939,140.286094,43900.392262,8374.324951,8687.028714
2025-12-07,95590.734172,92551.383630,1365.925935,4405.276477,72006.956316,72331.538922,324.582606,2339.792388,9299.141396,81630.680319,8687.028714,8466.737490
2025-12-08,97385.109736,96300.290377,750.813745,1835.633104,73989.614302,74407.557813,417.943511,544.205212,1881.106083,76288.663896,8466.737490,8341.593612
2025-12-09,98159.416371,94196.038386,328.277114,4291.655099,73512.666933,71962.059245,-1550.607688,684.963384,3509.398152,75471.457397,8341.593612,8175.616444
2025-12-10,95833.814717,96285.124396,1418.794796,967.485118,72272.499124,73875.565812,1603.066688,406.581591,1870.866750,75746.432562,8175.616444,8075.981364
2025-12-11,100389.761208,94877.133959,20.000163,5532.627412,74979.350297,72402.643036,-2576.707262,308.802270,1556.356502,73958.999538,8075.981364,7995.845720
2025-12-12,92429.471235,74366.520979,0.000000,18062.950256,52795.772023,45807.058160,-6988.713862,61.977392,160.875901,45967.934061,7995.845720,8372.009024
2025-12-13,90815.096731,70600.316658,0.000000,20214.780073,52278.392333,44499.855532,-7778.536802,1.899902,4.004993,44503.860525,8372.009024,8702.186241
2025-12-14,91845.877861,95209.860728,3481.481610,117.498744,68549.555200,73295.205263,4745.650062,1015.571421,5888.861087,79184.066350,8702.186241,8555.505218
2025-12-15,93645.226872,96801.403821,3383.034558,226.857609,70102.835642,74848.137274,4745.301633,454.892756,2300.077874,77148.215148,8555.505218,8433.161730
2025-12-16,100146.032090,97629.980949,449.058795,2965.109937,76505.047650,75719.563999,-785.483651,290.329985,1199.350040,76918.914039,8433.161730,8276.370107
2025-12-17,101946.346884,95950.338991,0.000000,5996.007893,78117.543840,75006.683458,-3110.860382,535.948181,2716.663533,77723.346991,8276.370107,8205.974482
2025-12-18,98339.914948,96738.907483,0.000000,1601.007464,74289.190978,73485.910844,-803.280134,157.530126,525.258005,74011.168849,8205.974482,8138.553077
2025-12-19,91514.084715,70982.758602,0.000000,20531.326113,52419.140447,44554.262558,-7864.877889,281.619292,703.777569,45258.040127,8138.553077,8522.774404
2025-12-20,91746.494080,69967.840598,0.000000,21778.653482,51622.891918,43549.277663,-8073.614256,24.446310,47.721583,43596.999246,8522.774404,8893.169215
2025-12-21,96845.466466,96080.608635,1795.814895,2560.672726,72952.971406,74205.152420,1252.181015,1377.819325,6296.744719,80501.897140,8893.169215,8718.373745
2025-12-22,95985.380057,95883.557549,587.659476,689.481984,72892.240528,73172.985347,280.744819,716.895449,3926.663083,77099.648430,8718.373745,8593.680968
2025-12-23,99489.465759,93672.132977,0.000000,5817.332782,75644.254688,72575.385601,-3068.869087,837.771263,4493.356134,77068.741735,8593.680968,8512.156078
2025-12-24,99646.946721,96203.498062,0.000000,3443.448659,75396.403297,73586.658832,-1809.744464,620.839603,3263.286309,76849.945141,8512.156078,8426.705401
2025-12-25,97180.839495,96413.618247,663.367696,1430.588944,72958.225873,72933.616568,-24.609305,450.709177,2385.478428,75319.094996,8426.705401,8398.809485
2025-12-26,92339.441470,71729.534457,0.000000,20609.907013,52069.964216,44388.781310,-7681.182906,51.123334,124.944258,44513.725568,8398.809485,8794.477134
2025-12-27,91465.112456,70443.301872,0.000000,21021.810583,51032.680711,43324.947643,-7707.733069,160.771737,383.955667,43708.903310,8794.477134,9084.711238
2025-12-28,95764.643327,93854.016255,272.006671,2182.633743,70921.479916,70287.513188,-633.966728,619.202799,3156.171524,73443.684712,9084.711238,8911.251957
2025-12-29,95688.605445,95703.555122,644.481221,629.531544,70539.867217,71206.734683,666.867465,647.349881,3786.015760,74992.750443,8911.251957,8860.741581
2025-12-30,97581.730476,94377.869901,147.501296,3351.361871,71987.988360,70783.594183,-1204.394177,710.431075,3438.404020,74221.998203,8860.741581,8762.411860
2025-12-31,100173.687235,96652.270950,0.000000,3521.416285,75897.425145,74212.231840,-1685.193305,455.658406,2130.379219,76342.611059,8762.411860,8713.166704
